#,,,"generated_by='OpenQuake engine 3.7.0', start_date='2020-02-20T12:37:47', checksum=3318896386, smlt_path='b3', gsimlt_path='b1_@_@_@_@_@_b61', imt='AvgSA', investigation_time=50.0, lon=13.38212999999999, lat=42.4, poe='0.1000000', iml='3.6562861e-01', rlz=2"
mag,dist,eps,poe
4.75000E+00,5.00000E+00,-2.00000E+00,0.00000E+00
4.75000E+00,5.00000E+00,0.00000E+00,0.00000E+00
4.75000E+00,5.00000E+00,2.00000E+00,3.27890E-04
4.75000E+00,1.50000E+01,-2.00000E+00,0.00000E+00
4.75000E+00,1.50000E+01,0.00000E+00,0.00000E+00
4.75000E+00,1.50000E+01,2.00000E+00,0.00000E+00
4.75000E+00,2.50000E+01,-2.00000E+00,0.00000E+00
4.75000E+00,2.50000E+01,0.00000E+00,0.00000E+00
4.75000E+00,2.50000E+01,2.00000E+00,0.00000E+00
4.75000E+00,3.50000E+01,-2.00000E+00,0.00000E+00
4.75000E+00,3.50000E+01,0.00000E+00,0.00000E+00
4.75000E+00,3.50000E+01,2.00000E+00,0.00000E+00
4.75000E+00,4.50000E+01,-2.00000E+00,0.00000E+00
4.75000E+00,4.50000E+01,0.00000E+00,0.00000E+00
4.75000E+00,4.50000E+01,2.00000E+00,0.00000E+00
4.75000E+00,5.50000E+01,-2.00000E+00,0.00000E+00
4.75000E+00,5.50000E+01,0.00000E+00,0.00000E+00
4.75000E+00,5.50000E+01,2.00000E+00,0.00000E+00
4.75000E+00,6.50000E+01,-2.00000E+00,0.00000E+00
4.75000E+00,6.50000E+01,0.00000E+00,0.00000E+00
4.75000E+00,6.50000E+01,2.00000E+00,0.00000E+00
4.75000E+00,7.50000E+01,-2.00000E+00,0.00000E+00
4.75000E+00,7.50000E+01,0.00000E+00,0.00000E+00
4.75000E+00,7.50000E+01,2.00000E+00,0.00000E+00
4.75000E+00,8.50000E+01,-2.00000E+00,0.00000E+00
4.75000E+00,8.50000E+01,0.00000E+00,0.00000E+00
4.75000E+00,8.50000E+01,2.00000E+00,0.00000E+00
4.75000E+00,9.50000E+01,-2.00000E+00,0.00000E+00
4.75000E+00,9.50000E+01,0.00000E+00,0.00000E+00
4.75000E+00,9.50000E+01,2.00000E+00,0.00000E+00
4.75000E+00,1.05000E+02,-2.00000E+00,0.00000E+00
4.75000E+00,1.05000E+02,0.00000E+00,0.00000E+00
4.75000E+00,1.05000E+02,2.00000E+00,0.00000E+00
4.75000E+00,1.15000E+02,-2.00000E+00,0.00000E+00
4.75000E+00,1.15000E+02,0.00000E+00,0.00000E+00
4.75000E+00,1.15000E+02,2.00000E+00,0.00000E+00
4.75000E+00,1.25000E+02,-2.00000E+00,0.00000E+00
4.75000E+00,1.25000E+02,0.00000E+00,0.00000E+00
4.75000E+00,1.25000E+02,2.00000E+00,0.00000E+00
4.75000E+00,1.35000E+02,-2.00000E+00,0.00000E+00
4.75000E+00,1.35000E+02,0.00000E+00,0.00000E+00
4.75000E+00,1.35000E+02,2.00000E+00,0.00000E+00
4.75000E+00,1.45000E+02,-2.00000E+00,0.00000E+00
4.75000E+00,1.45000E+02,0.00000E+00,0.00000E+00
4.75000E+00,1.45000E+02,2.00000E+00,0.00000E+00
4.75000E+00,1.55000E+02,-2.00000E+00,0.00000E+00
4.75000E+00,1.55000E+02,0.00000E+00,0.00000E+00
4.75000E+00,1.55000E+02,2.00000E+00,0.00000E+00
4.75000E+00,1.65000E+02,-2.00000E+00,0.00000E+00
4.75000E+00,1.65000E+02,0.00000E+00,0.00000E+00
4.75000E+00,1.65000E+02,2.00000E+00,0.00000E+00
4.75000E+00,1.75000E+02,-2.00000E+00,0.00000E+00
4.75000E+00,1.75000E+02,0.00000E+00,0.00000E+00
4.75000E+00,1.75000E+02,2.00000E+00,0.00000E+00
4.75000E+00,1.85000E+02,-2.00000E+00,0.00000E+00
4.75000E+00,1.85000E+02,0.00000E+00,0.00000E+00
4.75000E+00,1.85000E+02,2.00000E+00,0.00000E+00
4.75000E+00,1.95000E+02,-2.00000E+00,0.00000E+00
4.75000E+00,1.95000E+02,0.00000E+00,0.00000E+00
4.75000E+00,1.95000E+02,2.00000E+00,0.00000E+00
5.25000E+00,5.00000E+00,-2.00000E+00,0.00000E+00
5.25000E+00,5.00000E+00,0.00000E+00,0.00000E+00
5.25000E+00,5.00000E+00,2.00000E+00,7.67212E-03
5.25000E+00,1.50000E+01,-2.00000E+00,0.00000E+00
5.25000E+00,1.50000E+01,0.00000E+00,0.00000E+00
5.25000E+00,1.50000E+01,2.00000E+00,7.55180E-04
5.25000E+00,2.50000E+01,-2.00000E+00,0.00000E+00
5.25000E+00,2.50000E+01,0.00000E+00,0.00000E+00
5.25000E+00,2.50000E+01,2.00000E+00,5.37830E-06
5.25000E+00,3.50000E+01,-2.00000E+00,0.00000E+00
5.25000E+00,3.50000E+01,0.00000E+00,0.00000E+00
5.25000E+00,3.50000E+01,2.00000E+00,0.00000E+00
5.25000E+00,4.50000E+01,-2.00000E+00,0.00000E+00
5.25000E+00,4.50000E+01,0.00000E+00,0.00000E+00
5.25000E+00,4.50000E+01,2.00000E+00,0.00000E+00
5.25000E+00,5.50000E+01,-2.00000E+00,0.00000E+00
5.25000E+00,5.50000E+01,0.00000E+00,0.00000E+00
5.25000E+00,5.50000E+01,2.00000E+00,0.00000E+00
5.25000E+00,6.50000E+01,-2.00000E+00,0.00000E+00
5.25000E+00,6.50000E+01,0.00000E+00,0.00000E+00
5.25000E+00,6.50000E+01,2.00000E+00,0.00000E+00
5.25000E+00,7.50000E+01,-2.00000E+00,0.00000E+00
5.25000E+00,7.50000E+01,0.00000E+00,0.00000E+00
5.25000E+00,7.50000E+01,2.00000E+00,0.00000E+00
5.25000E+00,8.50000E+01,-2.00000E+00,0.00000E+00
5.25000E+00,8.50000E+01,0.00000E+00,0.00000E+00
5.25000E+00,8.50000E+01,2.00000E+00,0.00000E+00
5.25000E+00,9.50000E+01,-2.00000E+00,0.00000E+00
5.25000E+00,9.50000E+01,0.00000E+00,0.00000E+00
5.25000E+00,9.50000E+01,2.00000E+00,0.00000E+00
5.25000E+00,1.05000E+02,-2.00000E+00,0.00000E+00
5.25000E+00,1.05000E+02,0.00000E+00,0.00000E+00
5.25000E+00,1.05000E+02,2.00000E+00,0.00000E+00
5.25000E+00,1.15000E+02,-2.00000E+00,0.00000E+00
5.25000E+00,1.15000E+02,0.00000E+00,0.00000E+00
5.25000E+00,1.15000E+02,2.00000E+00,0.00000E+00
5.25000E+00,1.25000E+02,-2.00000E+00,0.00000E+00
5.25000E+00,1.25000E+02,0.00000E+00,0.00000E+00
5.25000E+00,1.25000E+02,2.00000E+00,0.00000E+00
5.25000E+00,1.35000E+02,-2.00000E+00,0.00000E+00
5.25000E+00,1.35000E+02,0.00000E+00,0.00000E+00
5.25000E+00,1.35000E+02,2.00000E+00,0.00000E+00
5.25000E+00,1.45000E+02,-2.00000E+00,0.00000E+00
5.25000E+00,1.45000E+02,0.00000E+00,0.00000E+00
5.25000E+00,1.45000E+02,2.00000E+00,0.00000E+00
5.25000E+00,1.55000E+02,-2.00000E+00,0.00000E+00
5.25000E+00,1.55000E+02,0.00000E+00,0.00000E+00
5.25000E+00,1.55000E+02,2.00000E+00,0.00000E+00
5.25000E+00,1.65000E+02,-2.00000E+00,0.00000E+00
5.25000E+00,1.65000E+02,0.00000E+00,0.00000E+00
5.25000E+00,1.65000E+02,2.00000E+00,0.00000E+00
5.25000E+00,1.75000E+02,-2.00000E+00,0.00000E+00
5.25000E+00,1.75000E+02,0.00000E+00,0.00000E+00
5.25000E+00,1.75000E+02,2.00000E+00,0.00000E+00
5.25000E+00,1.85000E+02,-2.00000E+00,0.00000E+00
5.25000E+00,1.85000E+02,0.00000E+00,0.00000E+00
5.25000E+00,1.85000E+02,2.00000E+00,0.00000E+00
5.25000E+00,1.95000E+02,-2.00000E+00,0.00000E+00
5.25000E+00,1.95000E+02,0.00000E+00,0.00000E+00
5.25000E+00,1.95000E+02,2.00000E+00,0.00000E+00
5.75000E+00,5.00000E+00,-2.00000E+00,0.00000E+00
5.75000E+00,5.00000E+00,0.00000E+00,4.35878E-03
5.75000E+00,5.00000E+00,2.00000E+00,7.85784E-03
5.75000E+00,1.50000E+01,-2.00000E+00,0.00000E+00
5.75000E+00,1.50000E+01,0.00000E+00,0.00000E+00
5.75000E+00,1.50000E+01,2.00000E+00,2.58290E-03
5.75000E+00,2.50000E+01,-2.00000E+00,0.00000E+00
5.75000E+00,2.50000E+01,0.00000E+00,0.00000E+00
5.75000E+00,2.50000E+01,2.00000E+00,7.23151E-04
5.75000E+00,3.50000E+01,-2.00000E+00,0.00000E+00
5.75000E+00,3.50000E+01,0.00000E+00,0.00000E+00
5.75000E+00,3.50000E+01,2.00000E+00,1.53248E-04
5.75000E+00,4.50000E+01,-2.00000E+00,0.00000E+00
5.75000E+00,4.50000E+01,0.00000E+00,0.00000E+00
5.75000E+00,4.50000E+01,2.00000E+00,1.57011E-05
5.75000E+00,5.50000E+01,-2.00000E+00,0.00000E+00
5.75000E+00,5.50000E+01,0.00000E+00,0.00000E+00
5.75000E+00,5.50000E+01,2.00000E+00,0.00000E+00
5.75000E+00,6.50000E+01,-2.00000E+00,0.00000E+00
5.75000E+00,6.50000E+01,0.00000E+00,0.00000E+00
5.75000E+00,6.50000E+01,2.00000E+00,0.00000E+00
5.75000E+00,7.50000E+01,-2.00000E+00,0.00000E+00
5.75000E+00,7.50000E+01,0.00000E+00,0.00000E+00
5.75000E+00,7.50000E+01,2.00000E+00,0.00000E+00
5.75000E+00,8.50000E+01,-2.00000E+00,0.00000E+00
5.75000E+00,8.50000E+01,0.00000E+00,0.00000E+00
5.75000E+00,8.50000E+01,2.00000E+00,0.00000E+00
5.75000E+00,9.50000E+01,-2.00000E+00,0.00000E+00
5.75000E+00,9.50000E+01,0.00000E+00,0.00000E+00
5.75000E+00,9.50000E+01,2.00000E+00,0.00000E+00
5.75000E+00,1.05000E+02,-2.00000E+00,0.00000E+00
5.75000E+00,1.05000E+02,0.00000E+00,0.00000E+00
5.75000E+00,1.05000E+02,2.00000E+00,0.00000E+00
5.75000E+00,1.15000E+02,-2.00000E+00,0.00000E+00
5.75000E+00,1.15000E+02,0.00000E+00,0.00000E+00
5.75000E+00,1.15000E+02,2.00000E+00,0.00000E+00
5.75000E+00,1.25000E+02,-2.00000E+00,0.00000E+00
5.75000E+00,1.25000E+02,0.00000E+00,0.00000E+00
5.75000E+00,1.25000E+02,2.00000E+00,0.00000E+00
5.75000E+00,1.35000E+02,-2.00000E+00,0.00000E+00
5.75000E+00,1.35000E+02,0.00000E+00,0.00000E+00
5.75000E+00,1.35000E+02,2.00000E+00,0.00000E+00
5.75000E+00,1.45000E+02,-2.00000E+00,0.00000E+00
5.75000E+00,1.45000E+02,0.00000E+00,0.00000E+00
5.75000E+00,1.45000E+02,2.00000E+00,0.00000E+00
5.75000E+00,1.55000E+02,-2.00000E+00,0.00000E+00
5.75000E+00,1.55000E+02,0.00000E+00,0.00000E+00
5.75000E+00,1.55000E+02,2.00000E+00,0.00000E+00
5.75000E+00,1.65000E+02,-2.00000E+00,0.00000E+00
5.75000E+00,1.65000E+02,0.00000E+00,0.00000E+00
5.75000E+00,1.65000E+02,2.00000E+00,0.00000E+00
5.75000E+00,1.75000E+02,-2.00000E+00,0.00000E+00
5.75000E+00,1.75000E+02,0.00000E+00,0.00000E+00
5.75000E+00,1.75000E+02,2.00000E+00,0.00000E+00
5.75000E+00,1.85000E+02,-2.00000E+00,0.00000E+00
5.75000E+00,1.85000E+02,0.00000E+00,0.00000E+00
5.75000E+00,1.85000E+02,2.00000E+00,0.00000E+00
5.75000E+00,1.95000E+02,-2.00000E+00,0.00000E+00
5.75000E+00,1.95000E+02,0.00000E+00,0.00000E+00
5.75000E+00,1.95000E+02,2.00000E+00,0.00000E+00
6.25000E+00,5.00000E+00,-2.00000E+00,1.11614E-04
6.25000E+00,5.00000E+00,0.00000E+00,1.23482E-02
6.25000E+00,5.00000E+00,2.00000E+00,5.51972E-03
6.25000E+00,1.50000E+01,-2.00000E+00,0.00000E+00
6.25000E+00,1.50000E+01,0.00000E+00,1.52973E-03
6.25000E+00,1.50000E+01,2.00000E+00,5.21624E-03
6.25000E+00,2.50000E+01,-2.00000E+00,0.00000E+00
6.25000E+00,2.50000E+01,0.00000E+00,8.21288E-05
6.25000E+00,2.50000E+01,2.00000E+00,4.31567E-03
6.25000E+00,3.50000E+01,-2.00000E+00,0.00000E+00
6.25000E+00,3.50000E+01,0.00000E+00,0.00000E+00
6.25000E+00,3.50000E+01,2.00000E+00,2.07283E-03
6.25000E+00,4.50000E+01,-2.00000E+00,0.00000E+00
6.25000E+00,4.50000E+01,0.00000E+00,0.00000E+00
6.25000E+00,4.50000E+01,2.00000E+00,1.03308E-03
6.25000E+00,5.50000E+01,-2.00000E+00,0.00000E+00
6.25000E+00,5.50000E+01,0.00000E+00,0.00000E+00
6.25000E+00,5.50000E+01,2.00000E+00,6.18477E-04
6.25000E+00,6.50000E+01,-2.00000E+00,0.00000E+00
6.25000E+00,6.50000E+01,0.00000E+00,0.00000E+00
6.25000E+00,6.50000E+01,2.00000E+00,3.12384E-04
6.25000E+00,7.50000E+01,-2.00000E+00,0.00000E+00
6.25000E+00,7.50000E+01,0.00000E+00,0.00000E+00
6.25000E+00,7.50000E+01,2.00000E+00,1.34332E-04
6.25000E+00,8.50000E+01,-2.00000E+00,0.00000E+00
6.25000E+00,8.50000E+01,0.00000E+00,0.00000E+00
6.25000E+00,8.50000E+01,2.00000E+00,6.51050E-05
6.25000E+00,9.50000E+01,-2.00000E+00,0.00000E+00
6.25000E+00,9.50000E+01,0.00000E+00,0.00000E+00
6.25000E+00,9.50000E+01,2.00000E+00,1.04454E-05
6.25000E+00,1.05000E+02,-2.00000E+00,0.00000E+00
6.25000E+00,1.05000E+02,0.00000E+00,0.00000E+00
6.25000E+00,1.05000E+02,2.00000E+00,1.30774E-07
6.25000E+00,1.15000E+02,-2.00000E+00,0.00000E+00
6.25000E+00,1.15000E+02,0.00000E+00,0.00000E+00
6.25000E+00,1.15000E+02,2.00000E+00,0.00000E+00
6.25000E+00,1.25000E+02,-2.00000E+00,0.00000E+00
6.25000E+00,1.25000E+02,0.00000E+00,0.00000E+00
6.25000E+00,1.25000E+02,2.00000E+00,0.00000E+00
6.25000E+00,1.35000E+02,-2.00000E+00,0.00000E+00
6.25000E+00,1.35000E+02,0.00000E+00,0.00000E+00
6.25000E+00,1.35000E+02,2.00000E+00,0.00000E+00
6.25000E+00,1.45000E+02,-2.00000E+00,0.00000E+00
6.25000E+00,1.45000E+02,0.00000E+00,0.00000E+00
6.25000E+00,1.45000E+02,2.00000E+00,0.00000E+00
6.25000E+00,1.55000E+02,-2.00000E+00,0.00000E+00
6.25000E+00,1.55000E+02,0.00000E+00,0.00000E+00
6.25000E+00,1.55000E+02,2.00000E+00,0.00000E+00
6.25000E+00,1.65000E+02,-2.00000E+00,0.00000E+00
6.25000E+00,1.65000E+02,0.00000E+00,0.00000E+00
6.25000E+00,1.65000E+02,2.00000E+00,0.00000E+00
6.25000E+00,1.75000E+02,-2.00000E+00,0.00000E+00
6.25000E+00,1.75000E+02,0.00000E+00,0.00000E+00
6.25000E+00,1.75000E+02,2.00000E+00,0.00000E+00
6.25000E+00,1.85000E+02,-2.00000E+00,0.00000E+00
6.25000E+00,1.85000E+02,0.00000E+00,0.00000E+00
6.25000E+00,1.85000E+02,2.00000E+00,0.00000E+00
6.25000E+00,1.95000E+02,-2.00000E+00,0.00000E+00
6.25000E+00,1.95000E+02,0.00000E+00,0.00000E+00
6.25000E+00,1.95000E+02,2.00000E+00,0.00000E+00
6.75000E+00,5.00000E+00,-2.00000E+00,3.67026E-04
6.75000E+00,5.00000E+00,0.00000E+00,5.82165E-03
6.75000E+00,5.00000E+00,2.00000E+00,1.53894E-03
6.75000E+00,1.50000E+01,-2.00000E+00,0.00000E+00
6.75000E+00,1.50000E+01,0.00000E+00,2.70134E-03
6.75000E+00,1.50000E+01,2.00000E+00,1.86317E-03
6.75000E+00,2.50000E+01,-2.00000E+00,0.00000E+00
6.75000E+00,2.50000E+01,0.00000E+00,9.15418E-04
6.75000E+00,2.50000E+01,2.00000E+00,1.87968E-03
6.75000E+00,3.50000E+01,-2.00000E+00,0.00000E+00
6.75000E+00,3.50000E+01,0.00000E+00,1.63082E-04
6.75000E+00,3.50000E+01,2.00000E+00,1.94820E-03
6.75000E+00,4.50000E+01,-2.00000E+00,0.00000E+00
6.75000E+00,4.50000E+01,0.00000E+00,0.00000E+00
6.75000E+00,4.50000E+01,2.00000E+00,1.40241E-03
6.75000E+00,5.50000E+01,-2.00000E+00,0.00000E+00
6.75000E+00,5.50000E+01,0.00000E+00,0.00000E+00
6.75000E+00,5.50000E+01,2.00000E+00,1.16584E-03
6.75000E+00,6.50000E+01,-2.00000E+00,0.00000E+00
6.75000E+00,6.50000E+01,0.00000E+00,0.00000E+00
6.75000E+00,6.50000E+01,2.00000E+00,7.94924E-04
6.75000E+00,7.50000E+01,-2.00000E+00,0.00000E+00
6.75000E+00,7.50000E+01,0.00000E+00,0.00000E+00
6.75000E+00,7.50000E+01,2.00000E+00,6.29534E-04
6.75000E+00,8.50000E+01,-2.00000E+00,0.00000E+00
6.75000E+00,8.50000E+01,0.00000E+00,0.00000E+00
6.75000E+00,8.50000E+01,2.00000E+00,4.69563E-04
6.75000E+00,9.50000E+01,-2.00000E+00,0.00000E+00
6.75000E+00,9.50000E+01,0.00000E+00,0.00000E+00
6.75000E+00,9.50000E+01,2.00000E+00,1.49749E-04
6.75000E+00,1.05000E+02,-2.00000E+00,0.00000E+00
6.75000E+00,1.05000E+02,0.00000E+00,0.00000E+00
6.75000E+00,1.05000E+02,2.00000E+00,6.88391E-05
6.75000E+00,1.15000E+02,-2.00000E+00,0.00000E+00
6.75000E+00,1.15000E+02,0.00000E+00,0.00000E+00
6.75000E+00,1.15000E+02,2.00000E+00,3.24634E-05
6.75000E+00,1.25000E+02,-2.00000E+00,0.00000E+00
6.75000E+00,1.25000E+02,0.00000E+00,0.00000E+00
6.75000E+00,1.25000E+02,2.00000E+00,1.09844E-05
6.75000E+00,1.35000E+02,-2.00000E+00,0.00000E+00
6.75000E+00,1.35000E+02,0.00000E+00,0.00000E+00
6.75000E+00,1.35000E+02,2.00000E+00,5.20854E-06
6.75000E+00,1.45000E+02,-2.00000E+00,0.00000E+00
6.75000E+00,1.45000E+02,0.00000E+00,0.00000E+00
6.75000E+00,1.45000E+02,2.00000E+00,4.64452E-07
6.75000E+00,1.55000E+02,-2.00000E+00,0.00000E+00
6.75000E+00,1.55000E+02,0.00000E+00,0.00000E+00
6.75000E+00,1.55000E+02,2.00000E+00,0.00000E+00
6.75000E+00,1.65000E+02,-2.00000E+00,0.00000E+00
6.75000E+00,1.65000E+02,0.00000E+00,0.00000E+00
6.75000E+00,1.65000E+02,2.00000E+00,0.00000E+00
6.75000E+00,1.75000E+02,-2.00000E+00,0.00000E+00
6.75000E+00,1.75000E+02,0.00000E+00,0.00000E+00
6.75000E+00,1.75000E+02,2.00000E+00,0.00000E+00
6.75000E+00,1.85000E+02,-2.00000E+00,0.00000E+00
6.75000E+00,1.85000E+02,0.00000E+00,0.00000E+00
6.75000E+00,1.85000E+02,2.00000E+00,0.00000E+00
6.75000E+00,1.95000E+02,-2.00000E+00,0.00000E+00
6.75000E+00,1.95000E+02,0.00000E+00,0.00000E+00
6.75000E+00,1.95000E+02,2.00000E+00,0.00000E+00
7.25000E+00,5.00000E+00,-2.00000E+00,4.32595E-04
7.25000E+00,5.00000E+00,0.00000E+00,4.11460E-03
7.25000E+00,5.00000E+00,2.00000E+00,9.94769E-04
7.25000E+00,1.50000E+01,-2.00000E+00,0.00000E+00
7.25000E+00,1.50000E+01,0.00000E+00,2.10685E-03
7.25000E+00,1.50000E+01,2.00000E+00,8.92251E-04
7.25000E+00,2.50000E+01,-2.00000E+00,0.00000E+00
7.25000E+00,2.50000E+01,0.00000E+00,9.30749E-04
7.25000E+00,2.50000E+01,2.00000E+00,8.66304E-04
7.25000E+00,3.50000E+01,-2.00000E+00,0.00000E+00
7.25000E+00,3.50000E+01,0.00000E+00,3.81493E-04
7.25000E+00,3.50000E+01,2.00000E+00,9.05112E-04
7.25000E+00,4.50000E+01,-2.00000E+00,0.00000E+00
7.25000E+00,4.50000E+01,0.00000E+00,5.65108E-05
7.25000E+00,4.50000E+01,2.00000E+00,9.03649E-04
7.25000E+00,5.50000E+01,-2.00000E+00,0.00000E+00
7.25000E+00,5.50000E+01,0.00000E+00,2.20185E-09
7.25000E+00,5.50000E+01,2.00000E+00,8.32476E-04
7.25000E+00,6.50000E+01,-2.00000E+00,0.00000E+00
7.25000E+00,6.50000E+01,0.00000E+00,0.00000E+00
7.25000E+00,6.50000E+01,2.00000E+00,1.03460E-03
7.25000E+00,7.50000E+01,-2.00000E+00,0.00000E+00
7.25000E+00,7.50000E+01,0.00000E+00,0.00000E+00
7.25000E+00,7.50000E+01,2.00000E+00,7.21886E-04
7.25000E+00,8.50000E+01,-2.00000E+00,0.00000E+00
7.25000E+00,8.50000E+01,0.00000E+00,0.00000E+00
7.25000E+00,8.50000E+01,2.00000E+00,4.45078E-04
7.25000E+00,9.50000E+01,-2.00000E+00,0.00000E+00
7.25000E+00,9.50000E+01,0.00000E+00,0.00000E+00
7.25000E+00,9.50000E+01,2.00000E+00,1.46389E-04
7.25000E+00,1.05000E+02,-2.00000E+00,0.00000E+00
7.25000E+00,1.05000E+02,0.00000E+00,0.00000E+00
7.25000E+00,1.05000E+02,2.00000E+00,7.34187E-05
7.25000E+00,1.15000E+02,-2.00000E+00,0.00000E+00
7.25000E+00,1.15000E+02,0.00000E+00,0.00000E+00
7.25000E+00,1.15000E+02,2.00000E+00,4.24592E-05
7.25000E+00,1.25000E+02,-2.00000E+00,0.00000E+00
7.25000E+00,1.25000E+02,0.00000E+00,0.00000E+00
7.25000E+00,1.25000E+02,2.00000E+00,2.47810E-05
7.25000E+00,1.35000E+02,-2.00000E+00,0.00000E+00
7.25000E+00,1.35000E+02,0.00000E+00,0.00000E+00
7.25000E+00,1.35000E+02,2.00000E+00,1.87969E-05
7.25000E+00,1.45000E+02,-2.00000E+00,0.00000E+00
7.25000E+00,1.45000E+02,0.00000E+00,0.00000E+00
7.25000E+00,1.45000E+02,2.00000E+00,1.03424E-05
7.25000E+00,1.55000E+02,-2.00000E+00,0.00000E+00
7.25000E+00,1.55000E+02,0.00000E+00,0.00000E+00
7.25000E+00,1.55000E+02,2.00000E+00,4.41857E-06
7.25000E+00,1.65000E+02,-2.00000E+00,0.00000E+00
7.25000E+00,1.65000E+02,0.00000E+00,0.00000E+00
7.25000E+00,1.65000E+02,2.00000E+00,1.70831E-06
7.25000E+00,1.75000E+02,-2.00000E+00,0.00000E+00
7.25000E+00,1.75000E+02,0.00000E+00,0.00000E+00
7.25000E+00,1.75000E+02,2.00000E+00,1.83970E-07
7.25000E+00,1.85000E+02,-2.00000E+00,0.00000E+00
7.25000E+00,1.85000E+02,0.00000E+00,0.00000E+00
7.25000E+00,1.85000E+02,2.00000E+00,0.00000E+00
7.25000E+00,1.95000E+02,-2.00000E+00,0.00000E+00
7.25000E+00,1.95000E+02,0.00000E+00,0.00000E+00
7.25000E+00,1.95000E+02,2.00000E+00,0.00000E+00
7.75000E+00,5.00000E+00,-2.00000E+00,7.53805E-05
7.75000E+00,5.00000E+00,0.00000E+00,4.90905E-04
7.75000E+00,5.00000E+00,2.00000E+00,1.14275E-04
7.75000E+00,1.50000E+01,-2.00000E+00,0.00000E+00
7.75000E+00,1.50000E+01,0.00000E+00,1.55312E-04
7.75000E+00,1.50000E+01,2.00000E+00,5.40532E-05
7.75000E+00,2.50000E+01,-2.00000E+00,0.00000E+00
7.75000E+00,2.50000E+01,0.00000E+00,9.11156E-05
7.75000E+00,2.50000E+01,2.00000E+00,5.52331E-05
7.75000E+00,3.50000E+01,-2.00000E+00,0.00000E+00
7.75000E+00,3.50000E+01,0.00000E+00,9.40755E-05
7.75000E+00,3.50000E+01,2.00000E+00,1.05605E-04
7.75000E+00,4.50000E+01,-2.00000E+00,0.00000E+00
7.75000E+00,4.50000E+01,0.00000E+00,7.77439E-05
7.75000E+00,4.50000E+01,2.00000E+00,1.80908E-04
7.75000E+00,5.50000E+01,-2.00000E+00,0.00000E+00
7.75000E+00,5.50000E+01,0.00000E+00,4.93507E-05
7.75000E+00,5.50000E+01,2.00000E+00,4.02188E-04
7.75000E+00,6.50000E+01,-2.00000E+00,0.00000E+00
7.75000E+00,6.50000E+01,0.00000E+00,3.67540E-06
7.75000E+00,6.50000E+01,2.00000E+00,3.46781E-04
7.75000E+00,7.50000E+01,-2.00000E+00,0.00000E+00
7.75000E+00,7.50000E+01,0.00000E+00,0.00000E+00
7.75000E+00,7.50000E+01,2.00000E+00,4.96174E-05
7.75000E+00,8.50000E+01,-2.00000E+00,0.00000E+00
7.75000E+00,8.50000E+01,0.00000E+00,0.00000E+00
7.75000E+00,8.50000E+01,2.00000E+00,5.19597E-06
7.75000E+00,9.50000E+01,-2.00000E+00,0.00000E+00
7.75000E+00,9.50000E+01,0.00000E+00,0.00000E+00
7.75000E+00,9.50000E+01,2.00000E+00,1.74060E-06
7.75000E+00,1.05000E+02,-2.00000E+00,0.00000E+00
7.75000E+00,1.05000E+02,0.00000E+00,0.00000E+00
7.75000E+00,1.05000E+02,2.00000E+00,1.06722E-05
7.75000E+00,1.15000E+02,-2.00000E+00,0.00000E+00
7.75000E+00,1.15000E+02,0.00000E+00,0.00000E+00
7.75000E+00,1.15000E+02,2.00000E+00,1.50516E-05
7.75000E+00,1.25000E+02,-2.00000E+00,0.00000E+00
7.75000E+00,1.25000E+02,0.00000E+00,0.00000E+00
7.75000E+00,1.25000E+02,2.00000E+00,6.81792E-06
7.75000E+00,1.35000E+02,-2.00000E+00,0.00000E+00
7.75000E+00,1.35000E+02,0.00000E+00,0.00000E+00
7.75000E+00,1.35000E+02,2.00000E+00,8.21391E-06
7.75000E+00,1.45000E+02,-2.00000E+00,0.00000E+00
7.75000E+00,1.45000E+02,0.00000E+00,0.00000E+00
7.75000E+00,1.45000E+02,2.00000E+00,1.10967E-05
7.75000E+00,1.55000E+02,-2.00000E+00,0.00000E+00
7.75000E+00,1.55000E+02,0.00000E+00,0.00000E+00
7.75000E+00,1.55000E+02,2.00000E+00,3.85665E-06
7.75000E+00,1.65000E+02,-2.00000E+00,0.00000E+00
7.75000E+00,1.65000E+02,0.00000E+00,0.00000E+00
7.75000E+00,1.65000E+02,2.00000E+00,2.18868E-06
7.75000E+00,1.75000E+02,-2.00000E+00,0.00000E+00
7.75000E+00,1.75000E+02,0.00000E+00,0.00000E+00
7.75000E+00,1.75000E+02,2.00000E+00,9.35697E-07
7.75000E+00,1.85000E+02,-2.00000E+00,0.00000E+00
7.75000E+00,1.85000E+02,0.00000E+00,0.00000E+00
7.75000E+00,1.85000E+02,2.00000E+00,2.37694E-07
7.75000E+00,1.95000E+02,-2.00000E+00,0.00000E+00
7.75000E+00,1.95000E+02,0.00000E+00,0.00000E+00
7.75000E+00,1.95000E+02,2.00000E+00,5.43853E-08
8.25000E+00,5.00000E+00,-2.00000E+00,1.23707E-05
8.25000E+00,5.00000E+00,0.00000E+00,6.79802E-05
8.25000E+00,5.00000E+00,2.00000E+00,1.57480E-05
8.25000E+00,1.50000E+01,-2.00000E+00,0.00000E+00
8.25000E+00,1.50000E+01,0.00000E+00,2.87583E-06
8.25000E+00,1.50000E+01,2.00000E+00,1.82559E-06
8.25000E+00,2.50000E+01,-2.00000E+00,0.00000E+00
8.25000E+00,2.50000E+01,0.00000E+00,0.00000E+00
8.25000E+00,2.50000E+01,2.00000E+00,0.00000E+00
8.25000E+00,3.50000E+01,-2.00000E+00,0.00000E+00
8.25000E+00,3.50000E+01,0.00000E+00,4.04359E-05
8.25000E+00,3.50000E+01,2.00000E+00,2.69799E-05
8.25000E+00,4.50000E+01,-2.00000E+00,0.00000E+00
8.25000E+00,4.50000E+01,0.00000E+00,7.33284E-05
8.25000E+00,4.50000E+01,2.00000E+00,8.30108E-05
8.25000E+00,5.50000E+01,-2.00000E+00,0.00000E+00
8.25000E+00,5.50000E+01,0.00000E+00,1.10853E-04
8.25000E+00,5.50000E+01,2.00000E+00,1.94053E-04
8.25000E+00,6.50000E+01,-2.00000E+00,0.00000E+00
8.25000E+00,6.50000E+01,0.00000E+00,4.74721E-05
8.25000E+00,6.50000E+01,2.00000E+00,1.61961E-04
8.25000E+00,7.50000E+01,-2.00000E+00,0.00000E+00
8.25000E+00,7.50000E+01,0.00000E+00,0.00000E+00
8.25000E+00,7.50000E+01,2.00000E+00,1.93981E-05
8.25000E+00,8.50000E+01,-2.00000E+00,0.00000E+00
8.25000E+00,8.50000E+01,0.00000E+00,0.00000E+00
8.25000E+00,8.50000E+01,2.00000E+00,1.73019E-05
8.25000E+00,9.50000E+01,-2.00000E+00,0.00000E+00
8.25000E+00,9.50000E+01,0.00000E+00,0.00000E+00
8.25000E+00,9.50000E+01,2.00000E+00,2.43941E-06
8.25000E+00,1.05000E+02,-2.00000E+00,0.00000E+00
8.25000E+00,1.05000E+02,0.00000E+00,0.00000E+00
8.25000E+00,1.05000E+02,2.00000E+00,3.80628E-06
8.25000E+00,1.15000E+02,-2.00000E+00,0.00000E+00
8.25000E+00,1.15000E+02,0.00000E+00,0.00000E+00
8.25000E+00,1.15000E+02,2.00000E+00,4.84028E-07
8.25000E+00,1.25000E+02,-2.00000E+00,0.00000E+00
8.25000E+00,1.25000E+02,0.00000E+00,0.00000E+00
8.25000E+00,1.25000E+02,2.00000E+00,2.59783E-06
8.25000E+00,1.35000E+02,-2.00000E+00,0.00000E+00
8.25000E+00,1.35000E+02,0.00000E+00,0.00000E+00
8.25000E+00,1.35000E+02,2.00000E+00,4.09597E-06
8.25000E+00,1.45000E+02,-2.00000E+00,0.00000E+00
8.25000E+00,1.45000E+02,0.00000E+00,0.00000E+00
8.25000E+00,1.45000E+02,2.00000E+00,5.29575E-06
8.25000E+00,1.55000E+02,-2.00000E+00,0.00000E+00
8.25000E+00,1.55000E+02,0.00000E+00,0.00000E+00
8.25000E+00,1.55000E+02,2.00000E+00,1.66732E-06
8.25000E+00,1.65000E+02,-2.00000E+00,0.00000E+00
8.25000E+00,1.65000E+02,0.00000E+00,0.00000E+00
8.25000E+00,1.65000E+02,2.00000E+00,1.94518E-07
8.25000E+00,1.75000E+02,-2.00000E+00,0.00000E+00
8.25000E+00,1.75000E+02,0.00000E+00,0.00000E+00
8.25000E+00,1.75000E+02,2.00000E+00,2.00351E-07
8.25000E+00,1.85000E+02,-2.00000E+00,0.00000E+00
8.25000E+00,1.85000E+02,0.00000E+00,0.00000E+00
8.25000E+00,1.85000E+02,2.00000E+00,1.07124E-07
8.25000E+00,1.95000E+02,-2.00000E+00,0.00000E+00
8.25000E+00,1.95000E+02,0.00000E+00,0.00000E+00
8.25000E+00,1.95000E+02,2.00000E+00,0.00000E+00
8.75000E+00,5.00000E+00,-2.00000E+00,0.00000E+00
8.75000E+00,5.00000E+00,0.00000E+00,0.00000E+00
8.75000E+00,5.00000E+00,2.00000E+00,0.00000E+00
8.75000E+00,1.50000E+01,-2.00000E+00,0.00000E+00
8.75000E+00,1.50000E+01,0.00000E+00,0.00000E+00
8.75000E+00,1.50000E+01,2.00000E+00,0.00000E+00
8.75000E+00,2.50000E+01,-2.00000E+00,0.00000E+00
8.75000E+00,2.50000E+01,0.00000E+00,0.00000E+00
8.75000E+00,2.50000E+01,2.00000E+00,0.00000E+00
8.75000E+00,3.50000E+01,-2.00000E+00,0.00000E+00
8.75000E+00,3.50000E+01,0.00000E+00,0.00000E+00
8.75000E+00,3.50000E+01,2.00000E+00,0.00000E+00
8.75000E+00,4.50000E+01,-2.00000E+00,0.00000E+00
8.75000E+00,4.50000E+01,0.00000E+00,0.00000E+00
8.75000E+00,4.50000E+01,2.00000E+00,0.00000E+00
8.75000E+00,5.50000E+01,-2.00000E+00,0.00000E+00
8.75000E+00,5.50000E+01,0.00000E+00,0.00000E+00
8.75000E+00,5.50000E+01,2.00000E+00,0.00000E+00
8.75000E+00,6.50000E+01,-2.00000E+00,0.00000E+00
8.75000E+00,6.50000E+01,0.00000E+00,6.56578E-06
8.75000E+00,6.50000E+01,2.00000E+00,9.27282E-06
8.75000E+00,7.50000E+01,-2.00000E+00,0.00000E+00
8.75000E+00,7.50000E+01,0.00000E+00,0.00000E+00
8.75000E+00,7.50000E+01,2.00000E+00,0.00000E+00
8.75000E+00,8.50000E+01,-2.00000E+00,0.00000E+00
8.75000E+00,8.50000E+01,0.00000E+00,0.00000E+00
8.75000E+00,8.50000E+01,2.00000E+00,0.00000E+00
8.75000E+00,9.50000E+01,-2.00000E+00,0.00000E+00
8.75000E+00,9.50000E+01,0.00000E+00,0.00000E+00
8.75000E+00,9.50000E+01,2.00000E+00,0.00000E+00
8.75000E+00,1.05000E+02,-2.00000E+00,0.00000E+00
8.75000E+00,1.05000E+02,0.00000E+00,0.00000E+00
8.75000E+00,1.05000E+02,2.00000E+00,0.00000E+00
8.75000E+00,1.15000E+02,-2.00000E+00,0.00000E+00
8.75000E+00,1.15000E+02,0.00000E+00,0.00000E+00
8.75000E+00,1.15000E+02,2.00000E+00,0.00000E+00
8.75000E+00,1.25000E+02,-2.00000E+00,0.00000E+00
8.75000E+00,1.25000E+02,0.00000E+00,0.00000E+00
8.75000E+00,1.25000E+02,2.00000E+00,0.00000E+00
8.75000E+00,1.35000E+02,-2.00000E+00,0.00000E+00
8.75000E+00,1.35000E+02,0.00000E+00,0.00000E+00
8.75000E+00,1.35000E+02,2.00000E+00,0.00000E+00
8.75000E+00,1.45000E+02,-2.00000E+00,0.00000E+00
8.75000E+00,1.45000E+02,0.00000E+00,0.00000E+00
8.75000E+00,1.45000E+02,2.00000E+00,0.00000E+00
8.75000E+00,1.55000E+02,-2.00000E+00,0.00000E+00
8.75000E+00,1.55000E+02,0.00000E+00,0.00000E+00
8.75000E+00,1.55000E+02,2.00000E+00,0.00000E+00
8.75000E+00,1.65000E+02,-2.00000E+00,0.00000E+00
8.75000E+00,1.65000E+02,0.00000E+00,0.00000E+00
8.75000E+00,1.65000E+02,2.00000E+00,0.00000E+00
8.75000E+00,1.75000E+02,-2.00000E+00,0.00000E+00
8.75000E+00,1.75000E+02,0.00000E+00,0.00000E+00
8.75000E+00,1.75000E+02,2.00000E+00,0.00000E+00
8.75000E+00,1.85000E+02,-2.00000E+00,0.00000E+00
8.75000E+00,1.85000E+02,0.00000E+00,0.00000E+00
8.75000E+00,1.85000E+02,2.00000E+00,0.00000E+00
8.75000E+00,1.95000E+02,-2.00000E+00,0.00000E+00
8.75000E+00,1.95000E+02,0.00000E+00,0.00000E+00
8.75000E+00,1.95000E+02,2.00000E+00,0.00000E+00
