#,,,"generated_by='OpenQuake engine 3.7.0', start_date='2019-10-31T01:06:38', checksum=2009905994, smlt_path='b1', gsimlt_path='b2_@_@_@_@_@_b61', imt='SA', investigation_time=50.0, lon=13.18213, lat=46.1, poe='0.1000000', iml='7.2576717e-01', rlz=1"
mag,dist,eps,poe
4.75000E+00,5.00000E+00,-2.00000E+00,0.00000E+00
4.75000E+00,5.00000E+00,0.00000E+00,0.00000E+00
4.75000E+00,5.00000E+00,2.00000E+00,1.83742E-04
4.75000E+00,1.50000E+01,-2.00000E+00,0.00000E+00
4.75000E+00,1.50000E+01,0.00000E+00,0.00000E+00
4.75000E+00,1.50000E+01,2.00000E+00,7.31107E-03
4.75000E+00,2.50000E+01,-2.00000E+00,0.00000E+00
4.75000E+00,2.50000E+01,0.00000E+00,0.00000E+00
4.75000E+00,2.50000E+01,2.00000E+00,8.91001E-04
4.75000E+00,3.50000E+01,-2.00000E+00,0.00000E+00
4.75000E+00,3.50000E+01,0.00000E+00,0.00000E+00
4.75000E+00,3.50000E+01,2.00000E+00,1.23037E-05
4.75000E+00,4.50000E+01,-2.00000E+00,0.00000E+00
4.75000E+00,4.50000E+01,0.00000E+00,0.00000E+00
4.75000E+00,4.50000E+01,2.00000E+00,0.00000E+00
4.75000E+00,5.50000E+01,-2.00000E+00,0.00000E+00
4.75000E+00,5.50000E+01,0.00000E+00,0.00000E+00
4.75000E+00,5.50000E+01,2.00000E+00,0.00000E+00
4.75000E+00,6.50000E+01,-2.00000E+00,0.00000E+00
4.75000E+00,6.50000E+01,0.00000E+00,0.00000E+00
4.75000E+00,6.50000E+01,2.00000E+00,0.00000E+00
4.75000E+00,7.50000E+01,-2.00000E+00,0.00000E+00
4.75000E+00,7.50000E+01,0.00000E+00,0.00000E+00
4.75000E+00,7.50000E+01,2.00000E+00,0.00000E+00
4.75000E+00,8.50000E+01,-2.00000E+00,0.00000E+00
4.75000E+00,8.50000E+01,0.00000E+00,0.00000E+00
4.75000E+00,8.50000E+01,2.00000E+00,0.00000E+00
4.75000E+00,9.50000E+01,-2.00000E+00,0.00000E+00
4.75000E+00,9.50000E+01,0.00000E+00,0.00000E+00
4.75000E+00,9.50000E+01,2.00000E+00,0.00000E+00
4.75000E+00,1.05000E+02,-2.00000E+00,0.00000E+00
4.75000E+00,1.05000E+02,0.00000E+00,0.00000E+00
4.75000E+00,1.05000E+02,2.00000E+00,0.00000E+00
4.75000E+00,1.15000E+02,-2.00000E+00,0.00000E+00
4.75000E+00,1.15000E+02,0.00000E+00,0.00000E+00
4.75000E+00,1.15000E+02,2.00000E+00,0.00000E+00
4.75000E+00,1.25000E+02,-2.00000E+00,0.00000E+00
4.75000E+00,1.25000E+02,0.00000E+00,0.00000E+00
4.75000E+00,1.25000E+02,2.00000E+00,0.00000E+00
4.75000E+00,1.35000E+02,-2.00000E+00,0.00000E+00
4.75000E+00,1.35000E+02,0.00000E+00,0.00000E+00
4.75000E+00,1.35000E+02,2.00000E+00,0.00000E+00
4.75000E+00,1.45000E+02,-2.00000E+00,0.00000E+00
4.75000E+00,1.45000E+02,0.00000E+00,0.00000E+00
4.75000E+00,1.45000E+02,2.00000E+00,0.00000E+00
4.75000E+00,1.55000E+02,-2.00000E+00,0.00000E+00
4.75000E+00,1.55000E+02,0.00000E+00,0.00000E+00
4.75000E+00,1.55000E+02,2.00000E+00,0.00000E+00
4.75000E+00,1.65000E+02,-2.00000E+00,0.00000E+00
4.75000E+00,1.65000E+02,0.00000E+00,0.00000E+00
4.75000E+00,1.65000E+02,2.00000E+00,0.00000E+00
4.75000E+00,1.75000E+02,-2.00000E+00,0.00000E+00
4.75000E+00,1.75000E+02,0.00000E+00,0.00000E+00
4.75000E+00,1.75000E+02,2.00000E+00,0.00000E+00
4.75000E+00,1.85000E+02,-2.00000E+00,0.00000E+00
4.75000E+00,1.85000E+02,0.00000E+00,0.00000E+00
4.75000E+00,1.85000E+02,2.00000E+00,0.00000E+00
4.75000E+00,1.95000E+02,-2.00000E+00,0.00000E+00
4.75000E+00,1.95000E+02,0.00000E+00,0.00000E+00
4.75000E+00,1.95000E+02,2.00000E+00,0.00000E+00
5.25000E+00,5.00000E+00,-2.00000E+00,0.00000E+00
5.25000E+00,5.00000E+00,0.00000E+00,8.71522E-06
5.25000E+00,5.00000E+00,2.00000E+00,2.24087E-04
5.25000E+00,1.50000E+01,-2.00000E+00,0.00000E+00
5.25000E+00,1.50000E+01,0.00000E+00,5.37749E-05
5.25000E+00,1.50000E+01,2.00000E+00,1.07366E-02
5.25000E+00,2.50000E+01,-2.00000E+00,0.00000E+00
5.25000E+00,2.50000E+01,0.00000E+00,0.00000E+00
5.25000E+00,2.50000E+01,2.00000E+00,2.68675E-03
5.25000E+00,3.50000E+01,-2.00000E+00,0.00000E+00
5.25000E+00,3.50000E+01,0.00000E+00,0.00000E+00
5.25000E+00,3.50000E+01,2.00000E+00,4.89949E-04
5.25000E+00,4.50000E+01,-2.00000E+00,0.00000E+00
5.25000E+00,4.50000E+01,0.00000E+00,0.00000E+00
5.25000E+00,4.50000E+01,2.00000E+00,4.24322E-05
5.25000E+00,5.50000E+01,-2.00000E+00,0.00000E+00
5.25000E+00,5.50000E+01,0.00000E+00,0.00000E+00
5.25000E+00,5.50000E+01,2.00000E+00,0.00000E+00
5.25000E+00,6.50000E+01,-2.00000E+00,0.00000E+00
5.25000E+00,6.50000E+01,0.00000E+00,0.00000E+00
5.25000E+00,6.50000E+01,2.00000E+00,0.00000E+00
5.25000E+00,7.50000E+01,-2.00000E+00,0.00000E+00
5.25000E+00,7.50000E+01,0.00000E+00,0.00000E+00
5.25000E+00,7.50000E+01,2.00000E+00,0.00000E+00
5.25000E+00,8.50000E+01,-2.00000E+00,0.00000E+00
5.25000E+00,8.50000E+01,0.00000E+00,0.00000E+00
5.25000E+00,8.50000E+01,2.00000E+00,0.00000E+00
5.25000E+00,9.50000E+01,-2.00000E+00,0.00000E+00
5.25000E+00,9.50000E+01,0.00000E+00,0.00000E+00
5.25000E+00,9.50000E+01,2.00000E+00,0.00000E+00
5.25000E+00,1.05000E+02,-2.00000E+00,0.00000E+00
5.25000E+00,1.05000E+02,0.00000E+00,0.00000E+00
5.25000E+00,1.05000E+02,2.00000E+00,0.00000E+00
5.25000E+00,1.15000E+02,-2.00000E+00,0.00000E+00
5.25000E+00,1.15000E+02,0.00000E+00,0.00000E+00
5.25000E+00,1.15000E+02,2.00000E+00,0.00000E+00
5.25000E+00,1.25000E+02,-2.00000E+00,0.00000E+00
5.25000E+00,1.25000E+02,0.00000E+00,0.00000E+00
5.25000E+00,1.25000E+02,2.00000E+00,0.00000E+00
5.25000E+00,1.35000E+02,-2.00000E+00,0.00000E+00
5.25000E+00,1.35000E+02,0.00000E+00,0.00000E+00
5.25000E+00,1.35000E+02,2.00000E+00,0.00000E+00
5.25000E+00,1.45000E+02,-2.00000E+00,0.00000E+00
5.25000E+00,1.45000E+02,0.00000E+00,0.00000E+00
5.25000E+00,1.45000E+02,2.00000E+00,0.00000E+00
5.25000E+00,1.55000E+02,-2.00000E+00,0.00000E+00
5.25000E+00,1.55000E+02,0.00000E+00,0.00000E+00
5.25000E+00,1.55000E+02,2.00000E+00,0.00000E+00
5.25000E+00,1.65000E+02,-2.00000E+00,0.00000E+00
5.25000E+00,1.65000E+02,0.00000E+00,0.00000E+00
5.25000E+00,1.65000E+02,2.00000E+00,0.00000E+00
5.25000E+00,1.75000E+02,-2.00000E+00,0.00000E+00
5.25000E+00,1.75000E+02,0.00000E+00,0.00000E+00
5.25000E+00,1.75000E+02,2.00000E+00,0.00000E+00
5.25000E+00,1.85000E+02,-2.00000E+00,0.00000E+00
5.25000E+00,1.85000E+02,0.00000E+00,0.00000E+00
5.25000E+00,1.85000E+02,2.00000E+00,0.00000E+00
5.25000E+00,1.95000E+02,-2.00000E+00,0.00000E+00
5.25000E+00,1.95000E+02,0.00000E+00,0.00000E+00
5.25000E+00,1.95000E+02,2.00000E+00,0.00000E+00
5.75000E+00,5.00000E+00,-2.00000E+00,0.00000E+00
5.75000E+00,5.00000E+00,0.00000E+00,1.01329E-03
5.75000E+00,5.00000E+00,2.00000E+00,1.15669E-03
5.75000E+00,1.50000E+01,-2.00000E+00,0.00000E+00
5.75000E+00,1.50000E+01,0.00000E+00,3.08801E-03
5.75000E+00,1.50000E+01,2.00000E+00,1.24317E-02
5.75000E+00,2.50000E+01,-2.00000E+00,0.00000E+00
5.75000E+00,2.50000E+01,0.00000E+00,2.00187E-05
5.75000E+00,2.50000E+01,2.00000E+00,6.08399E-03
5.75000E+00,3.50000E+01,-2.00000E+00,0.00000E+00
5.75000E+00,3.50000E+01,0.00000E+00,0.00000E+00
5.75000E+00,3.50000E+01,2.00000E+00,2.90686E-03
5.75000E+00,4.50000E+01,-2.00000E+00,0.00000E+00
5.75000E+00,4.50000E+01,0.00000E+00,0.00000E+00
5.75000E+00,4.50000E+01,2.00000E+00,1.13458E-03
5.75000E+00,5.50000E+01,-2.00000E+00,0.00000E+00
5.75000E+00,5.50000E+01,0.00000E+00,0.00000E+00
5.75000E+00,5.50000E+01,2.00000E+00,2.46852E-04
5.75000E+00,6.50000E+01,-2.00000E+00,0.00000E+00
5.75000E+00,6.50000E+01,0.00000E+00,0.00000E+00
5.75000E+00,6.50000E+01,2.00000E+00,5.47297E-05
5.75000E+00,7.50000E+01,-2.00000E+00,0.00000E+00
5.75000E+00,7.50000E+01,0.00000E+00,0.00000E+00
5.75000E+00,7.50000E+01,2.00000E+00,6.87823E-06
5.75000E+00,8.50000E+01,-2.00000E+00,0.00000E+00
5.75000E+00,8.50000E+01,0.00000E+00,0.00000E+00
5.75000E+00,8.50000E+01,2.00000E+00,0.00000E+00
5.75000E+00,9.50000E+01,-2.00000E+00,0.00000E+00
5.75000E+00,9.50000E+01,0.00000E+00,0.00000E+00
5.75000E+00,9.50000E+01,2.00000E+00,0.00000E+00
5.75000E+00,1.05000E+02,-2.00000E+00,0.00000E+00
5.75000E+00,1.05000E+02,0.00000E+00,0.00000E+00
5.75000E+00,1.05000E+02,2.00000E+00,0.00000E+00
5.75000E+00,1.15000E+02,-2.00000E+00,0.00000E+00
5.75000E+00,1.15000E+02,0.00000E+00,0.00000E+00
5.75000E+00,1.15000E+02,2.00000E+00,0.00000E+00
5.75000E+00,1.25000E+02,-2.00000E+00,0.00000E+00
5.75000E+00,1.25000E+02,0.00000E+00,0.00000E+00
5.75000E+00,1.25000E+02,2.00000E+00,0.00000E+00
5.75000E+00,1.35000E+02,-2.00000E+00,0.00000E+00
5.75000E+00,1.35000E+02,0.00000E+00,0.00000E+00
5.75000E+00,1.35000E+02,2.00000E+00,0.00000E+00
5.75000E+00,1.45000E+02,-2.00000E+00,0.00000E+00
5.75000E+00,1.45000E+02,0.00000E+00,0.00000E+00
5.75000E+00,1.45000E+02,2.00000E+00,0.00000E+00
5.75000E+00,1.55000E+02,-2.00000E+00,0.00000E+00
5.75000E+00,1.55000E+02,0.00000E+00,0.00000E+00
5.75000E+00,1.55000E+02,2.00000E+00,0.00000E+00
5.75000E+00,1.65000E+02,-2.00000E+00,0.00000E+00
5.75000E+00,1.65000E+02,0.00000E+00,0.00000E+00
5.75000E+00,1.65000E+02,2.00000E+00,0.00000E+00
5.75000E+00,1.75000E+02,-2.00000E+00,0.00000E+00
5.75000E+00,1.75000E+02,0.00000E+00,0.00000E+00
5.75000E+00,1.75000E+02,2.00000E+00,0.00000E+00
5.75000E+00,1.85000E+02,-2.00000E+00,0.00000E+00
5.75000E+00,1.85000E+02,0.00000E+00,0.00000E+00
5.75000E+00,1.85000E+02,2.00000E+00,0.00000E+00
5.75000E+00,1.95000E+02,-2.00000E+00,0.00000E+00
5.75000E+00,1.95000E+02,0.00000E+00,0.00000E+00
5.75000E+00,1.95000E+02,2.00000E+00,0.00000E+00
6.25000E+00,5.00000E+00,-2.00000E+00,0.00000E+00
6.25000E+00,5.00000E+00,0.00000E+00,1.57460E-03
6.25000E+00,5.00000E+00,2.00000E+00,6.88111E-04
6.25000E+00,1.50000E+01,-2.00000E+00,0.00000E+00
6.25000E+00,1.50000E+01,0.00000E+00,3.50922E-03
6.25000E+00,1.50000E+01,2.00000E+00,3.63907E-03
6.25000E+00,2.50000E+01,-2.00000E+00,0.00000E+00
6.25000E+00,2.50000E+01,0.00000E+00,4.42653E-04
6.25000E+00,2.50000E+01,2.00000E+00,3.54363E-03
6.25000E+00,3.50000E+01,-2.00000E+00,0.00000E+00
6.25000E+00,3.50000E+01,0.00000E+00,5.20555E-09
6.25000E+00,3.50000E+01,2.00000E+00,3.07203E-03
6.25000E+00,4.50000E+01,-2.00000E+00,0.00000E+00
6.25000E+00,4.50000E+01,0.00000E+00,0.00000E+00
6.25000E+00,4.50000E+01,2.00000E+00,1.26914E-03
6.25000E+00,5.50000E+01,-2.00000E+00,0.00000E+00
6.25000E+00,5.50000E+01,0.00000E+00,0.00000E+00
6.25000E+00,5.50000E+01,2.00000E+00,6.26829E-04
6.25000E+00,6.50000E+01,-2.00000E+00,0.00000E+00
6.25000E+00,6.50000E+01,0.00000E+00,0.00000E+00
6.25000E+00,6.50000E+01,2.00000E+00,2.73330E-04
6.25000E+00,7.50000E+01,-2.00000E+00,0.00000E+00
6.25000E+00,7.50000E+01,0.00000E+00,0.00000E+00
6.25000E+00,7.50000E+01,2.00000E+00,1.10121E-04
6.25000E+00,8.50000E+01,-2.00000E+00,0.00000E+00
6.25000E+00,8.50000E+01,0.00000E+00,0.00000E+00
6.25000E+00,8.50000E+01,2.00000E+00,4.76704E-05
6.25000E+00,9.50000E+01,-2.00000E+00,0.00000E+00
6.25000E+00,9.50000E+01,0.00000E+00,0.00000E+00
6.25000E+00,9.50000E+01,2.00000E+00,1.14216E-05
6.25000E+00,1.05000E+02,-2.00000E+00,0.00000E+00
6.25000E+00,1.05000E+02,0.00000E+00,0.00000E+00
6.25000E+00,1.05000E+02,2.00000E+00,2.35845E-06
6.25000E+00,1.15000E+02,-2.00000E+00,0.00000E+00
6.25000E+00,1.15000E+02,0.00000E+00,0.00000E+00
6.25000E+00,1.15000E+02,2.00000E+00,5.12726E-10
6.25000E+00,1.25000E+02,-2.00000E+00,0.00000E+00
6.25000E+00,1.25000E+02,0.00000E+00,0.00000E+00
6.25000E+00,1.25000E+02,2.00000E+00,0.00000E+00
6.25000E+00,1.35000E+02,-2.00000E+00,0.00000E+00
6.25000E+00,1.35000E+02,0.00000E+00,0.00000E+00
6.25000E+00,1.35000E+02,2.00000E+00,0.00000E+00
6.25000E+00,1.45000E+02,-2.00000E+00,0.00000E+00
6.25000E+00,1.45000E+02,0.00000E+00,0.00000E+00
6.25000E+00,1.45000E+02,2.00000E+00,0.00000E+00
6.25000E+00,1.55000E+02,-2.00000E+00,0.00000E+00
6.25000E+00,1.55000E+02,0.00000E+00,0.00000E+00
6.25000E+00,1.55000E+02,2.00000E+00,0.00000E+00
6.25000E+00,1.65000E+02,-2.00000E+00,0.00000E+00
6.25000E+00,1.65000E+02,0.00000E+00,0.00000E+00
6.25000E+00,1.65000E+02,2.00000E+00,0.00000E+00
6.25000E+00,1.75000E+02,-2.00000E+00,0.00000E+00
6.25000E+00,1.75000E+02,0.00000E+00,0.00000E+00
6.25000E+00,1.75000E+02,2.00000E+00,0.00000E+00
6.25000E+00,1.85000E+02,-2.00000E+00,0.00000E+00
6.25000E+00,1.85000E+02,0.00000E+00,0.00000E+00
6.25000E+00,1.85000E+02,2.00000E+00,0.00000E+00
6.25000E+00,1.95000E+02,-2.00000E+00,0.00000E+00
6.25000E+00,1.95000E+02,0.00000E+00,0.00000E+00
6.25000E+00,1.95000E+02,2.00000E+00,0.00000E+00
6.75000E+00,5.00000E+00,-2.00000E+00,1.38021E-05
6.75000E+00,5.00000E+00,0.00000E+00,2.75158E-03
6.75000E+00,5.00000E+00,2.00000E+00,8.52972E-04
6.75000E+00,1.50000E+01,-2.00000E+00,6.73416E-06
6.75000E+00,1.50000E+01,0.00000E+00,3.63425E-03
6.75000E+00,1.50000E+01,2.00000E+00,1.93766E-03
6.75000E+00,2.50000E+01,-2.00000E+00,0.00000E+00
6.75000E+00,2.50000E+01,0.00000E+00,1.70693E-03
6.75000E+00,2.50000E+01,2.00000E+00,2.94708E-03
6.75000E+00,3.50000E+01,-2.00000E+00,0.00000E+00
6.75000E+00,3.50000E+01,0.00000E+00,5.87527E-04
6.75000E+00,3.50000E+01,2.00000E+00,3.08776E-03
6.75000E+00,4.50000E+01,-2.00000E+00,0.00000E+00
6.75000E+00,4.50000E+01,0.00000E+00,5.85482E-05
6.75000E+00,4.50000E+01,2.00000E+00,1.80000E-03
6.75000E+00,5.50000E+01,-2.00000E+00,0.00000E+00
6.75000E+00,5.50000E+01,0.00000E+00,3.86085E-06
6.75000E+00,5.50000E+01,2.00000E+00,1.06736E-03
6.75000E+00,6.50000E+01,-2.00000E+00,0.00000E+00
6.75000E+00,6.50000E+01,0.00000E+00,0.00000E+00
6.75000E+00,6.50000E+01,2.00000E+00,7.37683E-04
6.75000E+00,7.50000E+01,-2.00000E+00,0.00000E+00
6.75000E+00,7.50000E+01,0.00000E+00,0.00000E+00
6.75000E+00,7.50000E+01,2.00000E+00,4.65500E-04
6.75000E+00,8.50000E+01,-2.00000E+00,0.00000E+00
6.75000E+00,8.50000E+01,0.00000E+00,0.00000E+00
6.75000E+00,8.50000E+01,2.00000E+00,3.21149E-04
6.75000E+00,9.50000E+01,-2.00000E+00,0.00000E+00
6.75000E+00,9.50000E+01,0.00000E+00,0.00000E+00
6.75000E+00,9.50000E+01,2.00000E+00,1.92197E-04
6.75000E+00,1.05000E+02,-2.00000E+00,0.00000E+00
6.75000E+00,1.05000E+02,0.00000E+00,0.00000E+00
6.75000E+00,1.05000E+02,2.00000E+00,1.03905E-04
6.75000E+00,1.15000E+02,-2.00000E+00,0.00000E+00
6.75000E+00,1.15000E+02,0.00000E+00,0.00000E+00
6.75000E+00,1.15000E+02,2.00000E+00,6.78319E-05
6.75000E+00,1.25000E+02,-2.00000E+00,0.00000E+00
6.75000E+00,1.25000E+02,0.00000E+00,0.00000E+00
6.75000E+00,1.25000E+02,2.00000E+00,3.53161E-05
6.75000E+00,1.35000E+02,-2.00000E+00,0.00000E+00
6.75000E+00,1.35000E+02,0.00000E+00,0.00000E+00
6.75000E+00,1.35000E+02,2.00000E+00,1.84965E-05
6.75000E+00,1.45000E+02,-2.00000E+00,0.00000E+00
6.75000E+00,1.45000E+02,0.00000E+00,0.00000E+00
6.75000E+00,1.45000E+02,2.00000E+00,8.42422E-06
6.75000E+00,1.55000E+02,-2.00000E+00,0.00000E+00
6.75000E+00,1.55000E+02,0.00000E+00,0.00000E+00
6.75000E+00,1.55000E+02,2.00000E+00,0.00000E+00
6.75000E+00,1.65000E+02,-2.00000E+00,0.00000E+00
6.75000E+00,1.65000E+02,0.00000E+00,0.00000E+00
6.75000E+00,1.65000E+02,2.00000E+00,0.00000E+00
6.75000E+00,1.75000E+02,-2.00000E+00,0.00000E+00
6.75000E+00,1.75000E+02,0.00000E+00,0.00000E+00
6.75000E+00,1.75000E+02,2.00000E+00,0.00000E+00
6.75000E+00,1.85000E+02,-2.00000E+00,0.00000E+00
6.75000E+00,1.85000E+02,0.00000E+00,0.00000E+00
6.75000E+00,1.85000E+02,2.00000E+00,0.00000E+00
6.75000E+00,1.95000E+02,-2.00000E+00,0.00000E+00
6.75000E+00,1.95000E+02,0.00000E+00,0.00000E+00
6.75000E+00,1.95000E+02,2.00000E+00,0.00000E+00
7.25000E+00,5.00000E+00,-2.00000E+00,1.97375E-05
7.25000E+00,5.00000E+00,0.00000E+00,4.29410E-04
7.25000E+00,5.00000E+00,2.00000E+00,1.08585E-04
7.25000E+00,1.50000E+01,-2.00000E+00,8.22668E-06
7.25000E+00,1.50000E+01,0.00000E+00,6.63265E-04
7.25000E+00,1.50000E+01,2.00000E+00,2.22619E-04
7.25000E+00,2.50000E+01,-2.00000E+00,0.00000E+00
7.25000E+00,2.50000E+01,0.00000E+00,9.13297E-04
7.25000E+00,2.50000E+01,2.00000E+00,4.78684E-04
7.25000E+00,3.50000E+01,-2.00000E+00,0.00000E+00
7.25000E+00,3.50000E+01,0.00000E+00,6.54963E-04
7.25000E+00,3.50000E+01,2.00000E+00,5.31842E-04
7.25000E+00,4.50000E+01,-2.00000E+00,0.00000E+00
7.25000E+00,4.50000E+01,0.00000E+00,2.64923E-04
7.25000E+00,4.50000E+01,2.00000E+00,5.16641E-04
7.25000E+00,5.50000E+01,-2.00000E+00,0.00000E+00
7.25000E+00,5.50000E+01,0.00000E+00,1.12098E-04
7.25000E+00,5.50000E+01,2.00000E+00,5.46465E-04
7.25000E+00,6.50000E+01,-2.00000E+00,0.00000E+00
7.25000E+00,6.50000E+01,0.00000E+00,1.15178E-05
7.25000E+00,6.50000E+01,2.00000E+00,4.03890E-04
7.25000E+00,7.50000E+01,-2.00000E+00,0.00000E+00
7.25000E+00,7.50000E+01,0.00000E+00,1.53927E-06
7.25000E+00,7.50000E+01,2.00000E+00,3.42877E-04
7.25000E+00,8.50000E+01,-2.00000E+00,0.00000E+00
7.25000E+00,8.50000E+01,0.00000E+00,0.00000E+00
7.25000E+00,8.50000E+01,2.00000E+00,2.61391E-04
7.25000E+00,9.50000E+01,-2.00000E+00,0.00000E+00
7.25000E+00,9.50000E+01,0.00000E+00,0.00000E+00
7.25000E+00,9.50000E+01,2.00000E+00,1.59875E-04
7.25000E+00,1.05000E+02,-2.00000E+00,0.00000E+00
7.25000E+00,1.05000E+02,0.00000E+00,0.00000E+00
7.25000E+00,1.05000E+02,2.00000E+00,1.20943E-04
7.25000E+00,1.15000E+02,-2.00000E+00,0.00000E+00
7.25000E+00,1.15000E+02,0.00000E+00,0.00000E+00
7.25000E+00,1.15000E+02,2.00000E+00,9.02468E-05
7.25000E+00,1.25000E+02,-2.00000E+00,0.00000E+00
7.25000E+00,1.25000E+02,0.00000E+00,0.00000E+00
7.25000E+00,1.25000E+02,2.00000E+00,6.56534E-05
7.25000E+00,1.35000E+02,-2.00000E+00,0.00000E+00
7.25000E+00,1.35000E+02,0.00000E+00,0.00000E+00
7.25000E+00,1.35000E+02,2.00000E+00,3.93626E-05
7.25000E+00,1.45000E+02,-2.00000E+00,0.00000E+00
7.25000E+00,1.45000E+02,0.00000E+00,0.00000E+00
7.25000E+00,1.45000E+02,2.00000E+00,3.47458E-05
7.25000E+00,1.55000E+02,-2.00000E+00,0.00000E+00
7.25000E+00,1.55000E+02,0.00000E+00,0.00000E+00
7.25000E+00,1.55000E+02,2.00000E+00,1.83627E-05
7.25000E+00,1.65000E+02,-2.00000E+00,0.00000E+00
7.25000E+00,1.65000E+02,0.00000E+00,0.00000E+00
7.25000E+00,1.65000E+02,2.00000E+00,1.60861E-05
7.25000E+00,1.75000E+02,-2.00000E+00,0.00000E+00
7.25000E+00,1.75000E+02,0.00000E+00,0.00000E+00
7.25000E+00,1.75000E+02,2.00000E+00,1.10295E-05
7.25000E+00,1.85000E+02,-2.00000E+00,0.00000E+00
7.25000E+00,1.85000E+02,0.00000E+00,0.00000E+00
7.25000E+00,1.85000E+02,2.00000E+00,6.09096E-06
7.25000E+00,1.95000E+02,-2.00000E+00,0.00000E+00
7.25000E+00,1.95000E+02,0.00000E+00,0.00000E+00
7.25000E+00,1.95000E+02,2.00000E+00,2.87872E-06
7.75000E+00,5.00000E+00,-2.00000E+00,3.02441E-06
7.75000E+00,5.00000E+00,0.00000E+00,9.51686E-05
7.75000E+00,5.00000E+00,2.00000E+00,2.56743E-05
7.75000E+00,1.50000E+01,-2.00000E+00,1.56540E-06
7.75000E+00,1.50000E+01,0.00000E+00,1.65884E-04
7.75000E+00,1.50000E+01,2.00000E+00,5.37672E-05
7.75000E+00,2.50000E+01,-2.00000E+00,5.92826E-07
7.75000E+00,2.50000E+01,0.00000E+00,2.44095E-04
7.75000E+00,2.50000E+01,2.00000E+00,9.29941E-05
7.75000E+00,3.50000E+01,-2.00000E+00,4.72555E-08
7.75000E+00,3.50000E+01,0.00000E+00,1.95200E-04
7.75000E+00,3.50000E+01,2.00000E+00,1.04799E-04
7.75000E+00,4.50000E+01,-2.00000E+00,0.00000E+00
7.75000E+00,4.50000E+01,0.00000E+00,9.98513E-05
7.75000E+00,4.50000E+01,2.00000E+00,9.22669E-05
7.75000E+00,5.50000E+01,-2.00000E+00,0.00000E+00
7.75000E+00,5.50000E+01,0.00000E+00,7.99113E-05
7.75000E+00,5.50000E+01,2.00000E+00,1.05782E-04
7.75000E+00,6.50000E+01,-2.00000E+00,0.00000E+00
7.75000E+00,6.50000E+01,0.00000E+00,3.37406E-05
7.75000E+00,6.50000E+01,2.00000E+00,1.19977E-04
7.75000E+00,7.50000E+01,-2.00000E+00,0.00000E+00
7.75000E+00,7.50000E+01,0.00000E+00,1.16460E-05
7.75000E+00,7.50000E+01,2.00000E+00,9.67604E-05
7.75000E+00,8.50000E+01,-2.00000E+00,0.00000E+00
7.75000E+00,8.50000E+01,0.00000E+00,3.97113E-06
7.75000E+00,8.50000E+01,2.00000E+00,7.38520E-05
7.75000E+00,9.50000E+01,-2.00000E+00,0.00000E+00
7.75000E+00,9.50000E+01,0.00000E+00,1.37392E-06
7.75000E+00,9.50000E+01,2.00000E+00,5.92052E-05
7.75000E+00,1.05000E+02,-2.00000E+00,0.00000E+00
7.75000E+00,1.05000E+02,0.00000E+00,5.57034E-07
7.75000E+00,1.05000E+02,2.00000E+00,4.86283E-05
7.75000E+00,1.15000E+02,-2.00000E+00,0.00000E+00
7.75000E+00,1.15000E+02,0.00000E+00,1.24189E-07
7.75000E+00,1.15000E+02,2.00000E+00,3.62083E-05
7.75000E+00,1.25000E+02,-2.00000E+00,0.00000E+00
7.75000E+00,1.25000E+02,0.00000E+00,4.66120E-08
7.75000E+00,1.25000E+02,2.00000E+00,2.37626E-05
7.75000E+00,1.35000E+02,-2.00000E+00,0.00000E+00
7.75000E+00,1.35000E+02,0.00000E+00,2.93068E-09
7.75000E+00,1.35000E+02,2.00000E+00,1.85922E-05
7.75000E+00,1.45000E+02,-2.00000E+00,0.00000E+00
7.75000E+00,1.45000E+02,0.00000E+00,0.00000E+00
7.75000E+00,1.45000E+02,2.00000E+00,1.01982E-05
7.75000E+00,1.55000E+02,-2.00000E+00,0.00000E+00
7.75000E+00,1.55000E+02,0.00000E+00,0.00000E+00
7.75000E+00,1.55000E+02,2.00000E+00,8.69134E-06
7.75000E+00,1.65000E+02,-2.00000E+00,0.00000E+00
7.75000E+00,1.65000E+02,0.00000E+00,0.00000E+00
7.75000E+00,1.65000E+02,2.00000E+00,9.95733E-06
7.75000E+00,1.75000E+02,-2.00000E+00,0.00000E+00
7.75000E+00,1.75000E+02,0.00000E+00,0.00000E+00
7.75000E+00,1.75000E+02,2.00000E+00,8.95456E-06
7.75000E+00,1.85000E+02,-2.00000E+00,0.00000E+00
7.75000E+00,1.85000E+02,0.00000E+00,0.00000E+00
7.75000E+00,1.85000E+02,2.00000E+00,7.71850E-06
7.75000E+00,1.95000E+02,-2.00000E+00,0.00000E+00
7.75000E+00,1.95000E+02,0.00000E+00,0.00000E+00
7.75000E+00,1.95000E+02,2.00000E+00,8.28612E-06
8.25000E+00,5.00000E+00,-2.00000E+00,0.00000E+00
8.25000E+00,5.00000E+00,0.00000E+00,0.00000E+00
8.25000E+00,5.00000E+00,2.00000E+00,0.00000E+00
8.25000E+00,1.50000E+01,-2.00000E+00,0.00000E+00
8.25000E+00,1.50000E+01,0.00000E+00,0.00000E+00
8.25000E+00,1.50000E+01,2.00000E+00,0.00000E+00
8.25000E+00,2.50000E+01,-2.00000E+00,0.00000E+00
8.25000E+00,2.50000E+01,0.00000E+00,0.00000E+00
8.25000E+00,2.50000E+01,2.00000E+00,0.00000E+00
8.25000E+00,3.50000E+01,-2.00000E+00,0.00000E+00
8.25000E+00,3.50000E+01,0.00000E+00,0.00000E+00
8.25000E+00,3.50000E+01,2.00000E+00,0.00000E+00
8.25000E+00,4.50000E+01,-2.00000E+00,0.00000E+00
8.25000E+00,4.50000E+01,0.00000E+00,0.00000E+00
8.25000E+00,4.50000E+01,2.00000E+00,0.00000E+00
8.25000E+00,5.50000E+01,-2.00000E+00,0.00000E+00
8.25000E+00,5.50000E+01,0.00000E+00,0.00000E+00
8.25000E+00,5.50000E+01,2.00000E+00,0.00000E+00
8.25000E+00,6.50000E+01,-2.00000E+00,0.00000E+00
8.25000E+00,6.50000E+01,0.00000E+00,0.00000E+00
8.25000E+00,6.50000E+01,2.00000E+00,0.00000E+00
8.25000E+00,7.50000E+01,-2.00000E+00,0.00000E+00
8.25000E+00,7.50000E+01,0.00000E+00,0.00000E+00
8.25000E+00,7.50000E+01,2.00000E+00,0.00000E+00
8.25000E+00,8.50000E+01,-2.00000E+00,0.00000E+00
8.25000E+00,8.50000E+01,0.00000E+00,0.00000E+00
8.25000E+00,8.50000E+01,2.00000E+00,0.00000E+00
8.25000E+00,9.50000E+01,-2.00000E+00,0.00000E+00
8.25000E+00,9.50000E+01,0.00000E+00,0.00000E+00
8.25000E+00,9.50000E+01,2.00000E+00,0.00000E+00
8.25000E+00,1.05000E+02,-2.00000E+00,0.00000E+00
8.25000E+00,1.05000E+02,0.00000E+00,0.00000E+00
8.25000E+00,1.05000E+02,2.00000E+00,0.00000E+00
8.25000E+00,1.15000E+02,-2.00000E+00,0.00000E+00
8.25000E+00,1.15000E+02,0.00000E+00,0.00000E+00
8.25000E+00,1.15000E+02,2.00000E+00,0.00000E+00
8.25000E+00,1.25000E+02,-2.00000E+00,0.00000E+00
8.25000E+00,1.25000E+02,0.00000E+00,0.00000E+00
8.25000E+00,1.25000E+02,2.00000E+00,0.00000E+00
8.25000E+00,1.35000E+02,-2.00000E+00,0.00000E+00
8.25000E+00,1.35000E+02,0.00000E+00,0.00000E+00
8.25000E+00,1.35000E+02,2.00000E+00,0.00000E+00
8.25000E+00,1.45000E+02,-2.00000E+00,0.00000E+00
8.25000E+00,1.45000E+02,0.00000E+00,0.00000E+00
8.25000E+00,1.45000E+02,2.00000E+00,0.00000E+00
8.25000E+00,1.55000E+02,-2.00000E+00,0.00000E+00
8.25000E+00,1.55000E+02,0.00000E+00,0.00000E+00
8.25000E+00,1.55000E+02,2.00000E+00,0.00000E+00
8.25000E+00,1.65000E+02,-2.00000E+00,0.00000E+00
8.25000E+00,1.65000E+02,0.00000E+00,0.00000E+00
8.25000E+00,1.65000E+02,2.00000E+00,0.00000E+00
8.25000E+00,1.75000E+02,-2.00000E+00,0.00000E+00
8.25000E+00,1.75000E+02,0.00000E+00,0.00000E+00
8.25000E+00,1.75000E+02,2.00000E+00,0.00000E+00
8.25000E+00,1.85000E+02,-2.00000E+00,0.00000E+00
8.25000E+00,1.85000E+02,0.00000E+00,0.00000E+00
8.25000E+00,1.85000E+02,2.00000E+00,0.00000E+00
8.25000E+00,1.95000E+02,-2.00000E+00,0.00000E+00
8.25000E+00,1.95000E+02,0.00000E+00,0.00000E+00
8.25000E+00,1.95000E+02,2.00000E+00,0.00000E+00
8.75000E+00,5.00000E+00,-2.00000E+00,0.00000E+00
8.75000E+00,5.00000E+00,0.00000E+00,0.00000E+00
8.75000E+00,5.00000E+00,2.00000E+00,0.00000E+00
8.75000E+00,1.50000E+01,-2.00000E+00,0.00000E+00
8.75000E+00,1.50000E+01,0.00000E+00,0.00000E+00
8.75000E+00,1.50000E+01,2.00000E+00,0.00000E+00
8.75000E+00,2.50000E+01,-2.00000E+00,0.00000E+00
8.75000E+00,2.50000E+01,0.00000E+00,0.00000E+00
8.75000E+00,2.50000E+01,2.00000E+00,0.00000E+00
8.75000E+00,3.50000E+01,-2.00000E+00,0.00000E+00
8.75000E+00,3.50000E+01,0.00000E+00,0.00000E+00
8.75000E+00,3.50000E+01,2.00000E+00,0.00000E+00
8.75000E+00,4.50000E+01,-2.00000E+00,0.00000E+00
8.75000E+00,4.50000E+01,0.00000E+00,0.00000E+00
8.75000E+00,4.50000E+01,2.00000E+00,0.00000E+00
8.75000E+00,5.50000E+01,-2.00000E+00,0.00000E+00
8.75000E+00,5.50000E+01,0.00000E+00,0.00000E+00
8.75000E+00,5.50000E+01,2.00000E+00,0.00000E+00
8.75000E+00,6.50000E+01,-2.00000E+00,0.00000E+00
8.75000E+00,6.50000E+01,0.00000E+00,0.00000E+00
8.75000E+00,6.50000E+01,2.00000E+00,0.00000E+00
8.75000E+00,7.50000E+01,-2.00000E+00,0.00000E+00
8.75000E+00,7.50000E+01,0.00000E+00,0.00000E+00
8.75000E+00,7.50000E+01,2.00000E+00,0.00000E+00
8.75000E+00,8.50000E+01,-2.00000E+00,0.00000E+00
8.75000E+00,8.50000E+01,0.00000E+00,0.00000E+00
8.75000E+00,8.50000E+01,2.00000E+00,0.00000E+00
8.75000E+00,9.50000E+01,-2.00000E+00,0.00000E+00
8.75000E+00,9.50000E+01,0.00000E+00,0.00000E+00
8.75000E+00,9.50000E+01,2.00000E+00,0.00000E+00
8.75000E+00,1.05000E+02,-2.00000E+00,0.00000E+00
8.75000E+00,1.05000E+02,0.00000E+00,0.00000E+00
8.75000E+00,1.05000E+02,2.00000E+00,0.00000E+00
8.75000E+00,1.15000E+02,-2.00000E+00,0.00000E+00
8.75000E+00,1.15000E+02,0.00000E+00,0.00000E+00
8.75000E+00,1.15000E+02,2.00000E+00,0.00000E+00
8.75000E+00,1.25000E+02,-2.00000E+00,0.00000E+00
8.75000E+00,1.25000E+02,0.00000E+00,0.00000E+00
8.75000E+00,1.25000E+02,2.00000E+00,0.00000E+00
8.75000E+00,1.35000E+02,-2.00000E+00,0.00000E+00
8.75000E+00,1.35000E+02,0.00000E+00,0.00000E+00
8.75000E+00,1.35000E+02,2.00000E+00,0.00000E+00
8.75000E+00,1.45000E+02,-2.00000E+00,0.00000E+00
8.75000E+00,1.45000E+02,0.00000E+00,0.00000E+00
8.75000E+00,1.45000E+02,2.00000E+00,0.00000E+00
8.75000E+00,1.55000E+02,-2.00000E+00,0.00000E+00
8.75000E+00,1.55000E+02,0.00000E+00,0.00000E+00
8.75000E+00,1.55000E+02,2.00000E+00,0.00000E+00
8.75000E+00,1.65000E+02,-2.00000E+00,0.00000E+00
8.75000E+00,1.65000E+02,0.00000E+00,0.00000E+00
8.75000E+00,1.65000E+02,2.00000E+00,0.00000E+00
8.75000E+00,1.75000E+02,-2.00000E+00,0.00000E+00
8.75000E+00,1.75000E+02,0.00000E+00,0.00000E+00
8.75000E+00,1.75000E+02,2.00000E+00,0.00000E+00
8.75000E+00,1.85000E+02,-2.00000E+00,0.00000E+00
8.75000E+00,1.85000E+02,0.00000E+00,0.00000E+00
8.75000E+00,1.85000E+02,2.00000E+00,0.00000E+00
8.75000E+00,1.95000E+02,-2.00000E+00,0.00000E+00
8.75000E+00,1.95000E+02,0.00000E+00,0.00000E+00
8.75000E+00,1.95000E+02,2.00000E+00,0.00000E+00
