#,,,"generated_by='OpenQuake engine 3.7.0', start_date='2019-10-31T01:06:38', checksum=2009905994, smlt_path='b3', gsimlt_path='b2_@_@_@_@_@_b61', imt='PGA', investigation_time=50.0, lon=13.38212999999999, lat=42.4, poe='0.1000000', iml='4.4315186e-01', rlz=9"
mag,dist,eps,poe
4.75000E+00,5.00000E+00,-2.00000E+00,0.00000E+00
4.75000E+00,5.00000E+00,0.00000E+00,0.00000E+00
4.75000E+00,5.00000E+00,2.00000E+00,0.00000E+00
4.75000E+00,1.50000E+01,-2.00000E+00,0.00000E+00
4.75000E+00,1.50000E+01,0.00000E+00,0.00000E+00
4.75000E+00,1.50000E+01,2.00000E+00,3.87964E-03
4.75000E+00,2.50000E+01,-2.00000E+00,0.00000E+00
4.75000E+00,2.50000E+01,0.00000E+00,0.00000E+00
4.75000E+00,2.50000E+01,2.00000E+00,1.97584E-05
4.75000E+00,3.50000E+01,-2.00000E+00,0.00000E+00
4.75000E+00,3.50000E+01,0.00000E+00,0.00000E+00
4.75000E+00,3.50000E+01,2.00000E+00,0.00000E+00
4.75000E+00,4.50000E+01,-2.00000E+00,0.00000E+00
4.75000E+00,4.50000E+01,0.00000E+00,0.00000E+00
4.75000E+00,4.50000E+01,2.00000E+00,0.00000E+00
4.75000E+00,5.50000E+01,-2.00000E+00,0.00000E+00
4.75000E+00,5.50000E+01,0.00000E+00,0.00000E+00
4.75000E+00,5.50000E+01,2.00000E+00,0.00000E+00
4.75000E+00,6.50000E+01,-2.00000E+00,0.00000E+00
4.75000E+00,6.50000E+01,0.00000E+00,0.00000E+00
4.75000E+00,6.50000E+01,2.00000E+00,0.00000E+00
4.75000E+00,7.50000E+01,-2.00000E+00,0.00000E+00
4.75000E+00,7.50000E+01,0.00000E+00,0.00000E+00
4.75000E+00,7.50000E+01,2.00000E+00,0.00000E+00
4.75000E+00,8.50000E+01,-2.00000E+00,0.00000E+00
4.75000E+00,8.50000E+01,0.00000E+00,0.00000E+00
4.75000E+00,8.50000E+01,2.00000E+00,0.00000E+00
4.75000E+00,9.50000E+01,-2.00000E+00,0.00000E+00
4.75000E+00,9.50000E+01,0.00000E+00,0.00000E+00
4.75000E+00,9.50000E+01,2.00000E+00,0.00000E+00
4.75000E+00,1.05000E+02,-2.00000E+00,0.00000E+00
4.75000E+00,1.05000E+02,0.00000E+00,0.00000E+00
4.75000E+00,1.05000E+02,2.00000E+00,0.00000E+00
4.75000E+00,1.15000E+02,-2.00000E+00,0.00000E+00
4.75000E+00,1.15000E+02,0.00000E+00,0.00000E+00
4.75000E+00,1.15000E+02,2.00000E+00,0.00000E+00
4.75000E+00,1.25000E+02,-2.00000E+00,0.00000E+00
4.75000E+00,1.25000E+02,0.00000E+00,0.00000E+00
4.75000E+00,1.25000E+02,2.00000E+00,0.00000E+00
4.75000E+00,1.35000E+02,-2.00000E+00,0.00000E+00
4.75000E+00,1.35000E+02,0.00000E+00,0.00000E+00
4.75000E+00,1.35000E+02,2.00000E+00,0.00000E+00
4.75000E+00,1.45000E+02,-2.00000E+00,0.00000E+00
4.75000E+00,1.45000E+02,0.00000E+00,0.00000E+00
4.75000E+00,1.45000E+02,2.00000E+00,0.00000E+00
4.75000E+00,1.55000E+02,-2.00000E+00,0.00000E+00
4.75000E+00,1.55000E+02,0.00000E+00,0.00000E+00
4.75000E+00,1.55000E+02,2.00000E+00,0.00000E+00
4.75000E+00,1.65000E+02,-2.00000E+00,0.00000E+00
4.75000E+00,1.65000E+02,0.00000E+00,0.00000E+00
4.75000E+00,1.65000E+02,2.00000E+00,0.00000E+00
4.75000E+00,1.75000E+02,-2.00000E+00,0.00000E+00
4.75000E+00,1.75000E+02,0.00000E+00,0.00000E+00
4.75000E+00,1.75000E+02,2.00000E+00,0.00000E+00
4.75000E+00,1.85000E+02,-2.00000E+00,0.00000E+00
4.75000E+00,1.85000E+02,0.00000E+00,0.00000E+00
4.75000E+00,1.85000E+02,2.00000E+00,0.00000E+00
4.75000E+00,1.95000E+02,-2.00000E+00,0.00000E+00
4.75000E+00,1.95000E+02,0.00000E+00,0.00000E+00
4.75000E+00,1.95000E+02,2.00000E+00,0.00000E+00
5.25000E+00,5.00000E+00,-2.00000E+00,0.00000E+00
5.25000E+00,5.00000E+00,0.00000E+00,0.00000E+00
5.25000E+00,5.00000E+00,2.00000E+00,1.34765E-04
5.25000E+00,1.50000E+01,-2.00000E+00,0.00000E+00
5.25000E+00,1.50000E+01,0.00000E+00,0.00000E+00
5.25000E+00,1.50000E+01,2.00000E+00,1.67184E-02
5.25000E+00,2.50000E+01,-2.00000E+00,0.00000E+00
5.25000E+00,2.50000E+01,0.00000E+00,0.00000E+00
5.25000E+00,2.50000E+01,2.00000E+00,1.80328E-03
5.25000E+00,3.50000E+01,-2.00000E+00,0.00000E+00
5.25000E+00,3.50000E+01,0.00000E+00,0.00000E+00
5.25000E+00,3.50000E+01,2.00000E+00,9.26497E-05
5.25000E+00,4.50000E+01,-2.00000E+00,0.00000E+00
5.25000E+00,4.50000E+01,0.00000E+00,0.00000E+00
5.25000E+00,4.50000E+01,2.00000E+00,0.00000E+00
5.25000E+00,5.50000E+01,-2.00000E+00,0.00000E+00
5.25000E+00,5.50000E+01,0.00000E+00,0.00000E+00
5.25000E+00,5.50000E+01,2.00000E+00,0.00000E+00
5.25000E+00,6.50000E+01,-2.00000E+00,0.00000E+00
5.25000E+00,6.50000E+01,0.00000E+00,0.00000E+00
5.25000E+00,6.50000E+01,2.00000E+00,0.00000E+00
5.25000E+00,7.50000E+01,-2.00000E+00,0.00000E+00
5.25000E+00,7.50000E+01,0.00000E+00,0.00000E+00
5.25000E+00,7.50000E+01,2.00000E+00,0.00000E+00
5.25000E+00,8.50000E+01,-2.00000E+00,0.00000E+00
5.25000E+00,8.50000E+01,0.00000E+00,0.00000E+00
5.25000E+00,8.50000E+01,2.00000E+00,0.00000E+00
5.25000E+00,9.50000E+01,-2.00000E+00,0.00000E+00
5.25000E+00,9.50000E+01,0.00000E+00,0.00000E+00
5.25000E+00,9.50000E+01,2.00000E+00,0.00000E+00
5.25000E+00,1.05000E+02,-2.00000E+00,0.00000E+00
5.25000E+00,1.05000E+02,0.00000E+00,0.00000E+00
5.25000E+00,1.05000E+02,2.00000E+00,0.00000E+00
5.25000E+00,1.15000E+02,-2.00000E+00,0.00000E+00
5.25000E+00,1.15000E+02,0.00000E+00,0.00000E+00
5.25000E+00,1.15000E+02,2.00000E+00,0.00000E+00
5.25000E+00,1.25000E+02,-2.00000E+00,0.00000E+00
5.25000E+00,1.25000E+02,0.00000E+00,0.00000E+00
5.25000E+00,1.25000E+02,2.00000E+00,0.00000E+00
5.25000E+00,1.35000E+02,-2.00000E+00,0.00000E+00
5.25000E+00,1.35000E+02,0.00000E+00,0.00000E+00
5.25000E+00,1.35000E+02,2.00000E+00,0.00000E+00
5.25000E+00,1.45000E+02,-2.00000E+00,0.00000E+00
5.25000E+00,1.45000E+02,0.00000E+00,0.00000E+00
5.25000E+00,1.45000E+02,2.00000E+00,0.00000E+00
5.25000E+00,1.55000E+02,-2.00000E+00,0.00000E+00
5.25000E+00,1.55000E+02,0.00000E+00,0.00000E+00
5.25000E+00,1.55000E+02,2.00000E+00,0.00000E+00
5.25000E+00,1.65000E+02,-2.00000E+00,0.00000E+00
5.25000E+00,1.65000E+02,0.00000E+00,0.00000E+00
5.25000E+00,1.65000E+02,2.00000E+00,0.00000E+00
5.25000E+00,1.75000E+02,-2.00000E+00,0.00000E+00
5.25000E+00,1.75000E+02,0.00000E+00,0.00000E+00
5.25000E+00,1.75000E+02,2.00000E+00,0.00000E+00
5.25000E+00,1.85000E+02,-2.00000E+00,0.00000E+00
5.25000E+00,1.85000E+02,0.00000E+00,0.00000E+00
5.25000E+00,1.85000E+02,2.00000E+00,0.00000E+00
5.25000E+00,1.95000E+02,-2.00000E+00,0.00000E+00
5.25000E+00,1.95000E+02,0.00000E+00,0.00000E+00
5.25000E+00,1.95000E+02,2.00000E+00,0.00000E+00
5.75000E+00,5.00000E+00,-2.00000E+00,0.00000E+00
5.75000E+00,5.00000E+00,0.00000E+00,5.74026E-04
5.75000E+00,5.00000E+00,2.00000E+00,1.33397E-03
5.75000E+00,1.50000E+01,-2.00000E+00,0.00000E+00
5.75000E+00,1.50000E+01,0.00000E+00,2.35195E-03
5.75000E+00,1.50000E+01,2.00000E+00,1.23551E-02
5.75000E+00,2.50000E+01,-2.00000E+00,0.00000E+00
5.75000E+00,2.50000E+01,0.00000E+00,0.00000E+00
5.75000E+00,2.50000E+01,2.00000E+00,2.33423E-03
5.75000E+00,3.50000E+01,-2.00000E+00,0.00000E+00
5.75000E+00,3.50000E+01,0.00000E+00,0.00000E+00
5.75000E+00,3.50000E+01,2.00000E+00,4.91580E-04
5.75000E+00,4.50000E+01,-2.00000E+00,0.00000E+00
5.75000E+00,4.50000E+01,0.00000E+00,0.00000E+00
5.75000E+00,4.50000E+01,2.00000E+00,5.59958E-05
5.75000E+00,5.50000E+01,-2.00000E+00,0.00000E+00
5.75000E+00,5.50000E+01,0.00000E+00,0.00000E+00
5.75000E+00,5.50000E+01,2.00000E+00,0.00000E+00
5.75000E+00,6.50000E+01,-2.00000E+00,0.00000E+00
5.75000E+00,6.50000E+01,0.00000E+00,0.00000E+00
5.75000E+00,6.50000E+01,2.00000E+00,0.00000E+00
5.75000E+00,7.50000E+01,-2.00000E+00,0.00000E+00
5.75000E+00,7.50000E+01,0.00000E+00,0.00000E+00
5.75000E+00,7.50000E+01,2.00000E+00,0.00000E+00
5.75000E+00,8.50000E+01,-2.00000E+00,0.00000E+00
5.75000E+00,8.50000E+01,0.00000E+00,0.00000E+00
5.75000E+00,8.50000E+01,2.00000E+00,0.00000E+00
5.75000E+00,9.50000E+01,-2.00000E+00,0.00000E+00
5.75000E+00,9.50000E+01,0.00000E+00,0.00000E+00
5.75000E+00,9.50000E+01,2.00000E+00,0.00000E+00
5.75000E+00,1.05000E+02,-2.00000E+00,0.00000E+00
5.75000E+00,1.05000E+02,0.00000E+00,0.00000E+00
5.75000E+00,1.05000E+02,2.00000E+00,0.00000E+00
5.75000E+00,1.15000E+02,-2.00000E+00,0.00000E+00
5.75000E+00,1.15000E+02,0.00000E+00,0.00000E+00
5.75000E+00,1.15000E+02,2.00000E+00,0.00000E+00
5.75000E+00,1.25000E+02,-2.00000E+00,0.00000E+00
5.75000E+00,1.25000E+02,0.00000E+00,0.00000E+00
5.75000E+00,1.25000E+02,2.00000E+00,0.00000E+00
5.75000E+00,1.35000E+02,-2.00000E+00,0.00000E+00
5.75000E+00,1.35000E+02,0.00000E+00,0.00000E+00
5.75000E+00,1.35000E+02,2.00000E+00,0.00000E+00
5.75000E+00,1.45000E+02,-2.00000E+00,0.00000E+00
5.75000E+00,1.45000E+02,0.00000E+00,0.00000E+00
5.75000E+00,1.45000E+02,2.00000E+00,0.00000E+00
5.75000E+00,1.55000E+02,-2.00000E+00,0.00000E+00
5.75000E+00,1.55000E+02,0.00000E+00,0.00000E+00
5.75000E+00,1.55000E+02,2.00000E+00,0.00000E+00
5.75000E+00,1.65000E+02,-2.00000E+00,0.00000E+00
5.75000E+00,1.65000E+02,0.00000E+00,0.00000E+00
5.75000E+00,1.65000E+02,2.00000E+00,0.00000E+00
5.75000E+00,1.75000E+02,-2.00000E+00,0.00000E+00
5.75000E+00,1.75000E+02,0.00000E+00,0.00000E+00
5.75000E+00,1.75000E+02,2.00000E+00,0.00000E+00
5.75000E+00,1.85000E+02,-2.00000E+00,0.00000E+00
5.75000E+00,1.85000E+02,0.00000E+00,0.00000E+00
5.75000E+00,1.85000E+02,2.00000E+00,0.00000E+00
5.75000E+00,1.95000E+02,-2.00000E+00,0.00000E+00
5.75000E+00,1.95000E+02,0.00000E+00,0.00000E+00
5.75000E+00,1.95000E+02,2.00000E+00,0.00000E+00
6.25000E+00,5.00000E+00,-2.00000E+00,0.00000E+00
6.25000E+00,5.00000E+00,0.00000E+00,5.97901E-03
6.25000E+00,5.00000E+00,2.00000E+00,3.08958E-03
6.25000E+00,1.50000E+01,-2.00000E+00,0.00000E+00
6.25000E+00,1.50000E+01,0.00000E+00,4.88963E-03
6.25000E+00,1.50000E+01,2.00000E+00,7.06323E-03
6.25000E+00,2.50000E+01,-2.00000E+00,0.00000E+00
6.25000E+00,2.50000E+01,0.00000E+00,2.13870E-04
6.25000E+00,2.50000E+01,2.00000E+00,5.13725E-03
6.25000E+00,3.50000E+01,-2.00000E+00,0.00000E+00
6.25000E+00,3.50000E+01,0.00000E+00,0.00000E+00
6.25000E+00,3.50000E+01,2.00000E+00,1.93184E-03
6.25000E+00,4.50000E+01,-2.00000E+00,0.00000E+00
6.25000E+00,4.50000E+01,0.00000E+00,0.00000E+00
6.25000E+00,4.50000E+01,2.00000E+00,6.50590E-04
6.25000E+00,5.50000E+01,-2.00000E+00,0.00000E+00
6.25000E+00,5.50000E+01,0.00000E+00,0.00000E+00
6.25000E+00,5.50000E+01,2.00000E+00,2.19784E-04
6.25000E+00,6.50000E+01,-2.00000E+00,0.00000E+00
6.25000E+00,6.50000E+01,0.00000E+00,0.00000E+00
6.25000E+00,6.50000E+01,2.00000E+00,6.27106E-05
6.25000E+00,7.50000E+01,-2.00000E+00,0.00000E+00
6.25000E+00,7.50000E+01,0.00000E+00,0.00000E+00
6.25000E+00,7.50000E+01,2.00000E+00,1.38043E-05
6.25000E+00,8.50000E+01,-2.00000E+00,0.00000E+00
6.25000E+00,8.50000E+01,0.00000E+00,0.00000E+00
6.25000E+00,8.50000E+01,2.00000E+00,2.33199E-06
6.25000E+00,9.50000E+01,-2.00000E+00,0.00000E+00
6.25000E+00,9.50000E+01,0.00000E+00,0.00000E+00
6.25000E+00,9.50000E+01,2.00000E+00,0.00000E+00
6.25000E+00,1.05000E+02,-2.00000E+00,0.00000E+00
6.25000E+00,1.05000E+02,0.00000E+00,0.00000E+00
6.25000E+00,1.05000E+02,2.00000E+00,0.00000E+00
6.25000E+00,1.15000E+02,-2.00000E+00,0.00000E+00
6.25000E+00,1.15000E+02,0.00000E+00,0.00000E+00
6.25000E+00,1.15000E+02,2.00000E+00,0.00000E+00
6.25000E+00,1.25000E+02,-2.00000E+00,0.00000E+00
6.25000E+00,1.25000E+02,0.00000E+00,0.00000E+00
6.25000E+00,1.25000E+02,2.00000E+00,0.00000E+00
6.25000E+00,1.35000E+02,-2.00000E+00,0.00000E+00
6.25000E+00,1.35000E+02,0.00000E+00,0.00000E+00
6.25000E+00,1.35000E+02,2.00000E+00,0.00000E+00
6.25000E+00,1.45000E+02,-2.00000E+00,0.00000E+00
6.25000E+00,1.45000E+02,0.00000E+00,0.00000E+00
6.25000E+00,1.45000E+02,2.00000E+00,0.00000E+00
6.25000E+00,1.55000E+02,-2.00000E+00,0.00000E+00
6.25000E+00,1.55000E+02,0.00000E+00,0.00000E+00
6.25000E+00,1.55000E+02,2.00000E+00,0.00000E+00
6.25000E+00,1.65000E+02,-2.00000E+00,0.00000E+00
6.25000E+00,1.65000E+02,0.00000E+00,0.00000E+00
6.25000E+00,1.65000E+02,2.00000E+00,0.00000E+00
6.25000E+00,1.75000E+02,-2.00000E+00,0.00000E+00
6.25000E+00,1.75000E+02,0.00000E+00,0.00000E+00
6.25000E+00,1.75000E+02,2.00000E+00,0.00000E+00
6.25000E+00,1.85000E+02,-2.00000E+00,0.00000E+00
6.25000E+00,1.85000E+02,0.00000E+00,0.00000E+00
6.25000E+00,1.85000E+02,2.00000E+00,0.00000E+00
6.25000E+00,1.95000E+02,-2.00000E+00,0.00000E+00
6.25000E+00,1.95000E+02,0.00000E+00,0.00000E+00
6.25000E+00,1.95000E+02,2.00000E+00,0.00000E+00
6.75000E+00,5.00000E+00,-2.00000E+00,1.96149E-05
6.75000E+00,5.00000E+00,0.00000E+00,3.26322E-03
6.75000E+00,5.00000E+00,2.00000E+00,9.66680E-04
6.75000E+00,1.50000E+01,-2.00000E+00,3.80614E-06
6.75000E+00,1.50000E+01,0.00000E+00,2.96458E-03
6.75000E+00,1.50000E+01,2.00000E+00,1.71265E-03
6.75000E+00,2.50000E+01,-2.00000E+00,0.00000E+00
6.75000E+00,2.50000E+01,0.00000E+00,8.43496E-04
6.75000E+00,2.50000E+01,2.00000E+00,1.98991E-03
6.75000E+00,3.50000E+01,-2.00000E+00,0.00000E+00
6.75000E+00,3.50000E+01,0.00000E+00,2.65990E-05
6.75000E+00,3.50000E+01,2.00000E+00,1.33826E-03
6.75000E+00,4.50000E+01,-2.00000E+00,0.00000E+00
6.75000E+00,4.50000E+01,0.00000E+00,0.00000E+00
6.75000E+00,4.50000E+01,2.00000E+00,7.25561E-04
6.75000E+00,5.50000E+01,-2.00000E+00,0.00000E+00
6.75000E+00,5.50000E+01,0.00000E+00,0.00000E+00
6.75000E+00,5.50000E+01,2.00000E+00,4.16289E-04
6.75000E+00,6.50000E+01,-2.00000E+00,0.00000E+00
6.75000E+00,6.50000E+01,0.00000E+00,0.00000E+00
6.75000E+00,6.50000E+01,2.00000E+00,2.24130E-04
6.75000E+00,7.50000E+01,-2.00000E+00,0.00000E+00
6.75000E+00,7.50000E+01,0.00000E+00,0.00000E+00
6.75000E+00,7.50000E+01,2.00000E+00,1.36010E-04
6.75000E+00,8.50000E+01,-2.00000E+00,0.00000E+00
6.75000E+00,8.50000E+01,0.00000E+00,0.00000E+00
6.75000E+00,8.50000E+01,2.00000E+00,8.24974E-05
6.75000E+00,9.50000E+01,-2.00000E+00,0.00000E+00
6.75000E+00,9.50000E+01,0.00000E+00,0.00000E+00
6.75000E+00,9.50000E+01,2.00000E+00,1.13906E-05
6.75000E+00,1.05000E+02,-2.00000E+00,0.00000E+00
6.75000E+00,1.05000E+02,0.00000E+00,0.00000E+00
6.75000E+00,1.05000E+02,2.00000E+00,1.93699E-06
6.75000E+00,1.15000E+02,-2.00000E+00,0.00000E+00
6.75000E+00,1.15000E+02,0.00000E+00,0.00000E+00
6.75000E+00,1.15000E+02,2.00000E+00,1.35788E-07
6.75000E+00,1.25000E+02,-2.00000E+00,0.00000E+00
6.75000E+00,1.25000E+02,0.00000E+00,0.00000E+00
6.75000E+00,1.25000E+02,2.00000E+00,0.00000E+00
6.75000E+00,1.35000E+02,-2.00000E+00,0.00000E+00
6.75000E+00,1.35000E+02,0.00000E+00,0.00000E+00
6.75000E+00,1.35000E+02,2.00000E+00,0.00000E+00
6.75000E+00,1.45000E+02,-2.00000E+00,0.00000E+00
6.75000E+00,1.45000E+02,0.00000E+00,0.00000E+00
6.75000E+00,1.45000E+02,2.00000E+00,0.00000E+00
6.75000E+00,1.55000E+02,-2.00000E+00,0.00000E+00
6.75000E+00,1.55000E+02,0.00000E+00,0.00000E+00
6.75000E+00,1.55000E+02,2.00000E+00,0.00000E+00
6.75000E+00,1.65000E+02,-2.00000E+00,0.00000E+00
6.75000E+00,1.65000E+02,0.00000E+00,0.00000E+00
6.75000E+00,1.65000E+02,2.00000E+00,0.00000E+00
6.75000E+00,1.75000E+02,-2.00000E+00,0.00000E+00
6.75000E+00,1.75000E+02,0.00000E+00,0.00000E+00
6.75000E+00,1.75000E+02,2.00000E+00,0.00000E+00
6.75000E+00,1.85000E+02,-2.00000E+00,0.00000E+00
6.75000E+00,1.85000E+02,0.00000E+00,0.00000E+00
6.75000E+00,1.85000E+02,2.00000E+00,0.00000E+00
6.75000E+00,1.95000E+02,-2.00000E+00,0.00000E+00
6.75000E+00,1.95000E+02,0.00000E+00,0.00000E+00
6.75000E+00,1.95000E+02,2.00000E+00,0.00000E+00
7.25000E+00,5.00000E+00,-2.00000E+00,1.75411E-04
7.25000E+00,5.00000E+00,0.00000E+00,2.57366E-03
7.25000E+00,5.00000E+00,2.00000E+00,6.43027E-04
7.25000E+00,1.50000E+01,-2.00000E+00,3.62554E-05
7.25000E+00,1.50000E+01,0.00000E+00,2.53572E-03
7.25000E+00,1.50000E+01,2.00000E+00,9.19605E-04
7.25000E+00,2.50000E+01,-2.00000E+00,0.00000E+00
7.25000E+00,2.50000E+01,0.00000E+00,1.18283E-03
7.25000E+00,2.50000E+01,2.00000E+00,9.30246E-04
7.25000E+00,3.50000E+01,-2.00000E+00,0.00000E+00
7.25000E+00,3.50000E+01,0.00000E+00,2.70954E-04
7.25000E+00,3.50000E+01,2.00000E+00,8.72172E-04
7.25000E+00,4.50000E+01,-2.00000E+00,0.00000E+00
7.25000E+00,4.50000E+01,0.00000E+00,2.99254E-05
7.25000E+00,4.50000E+01,2.00000E+00,7.40280E-04
7.25000E+00,5.50000E+01,-2.00000E+00,0.00000E+00
7.25000E+00,5.50000E+01,0.00000E+00,2.82832E-06
7.25000E+00,5.50000E+01,2.00000E+00,5.94547E-04
7.25000E+00,6.50000E+01,-2.00000E+00,0.00000E+00
7.25000E+00,6.50000E+01,0.00000E+00,0.00000E+00
7.25000E+00,6.50000E+01,2.00000E+00,6.34068E-04
7.25000E+00,7.50000E+01,-2.00000E+00,0.00000E+00
7.25000E+00,7.50000E+01,0.00000E+00,0.00000E+00
7.25000E+00,7.50000E+01,2.00000E+00,3.72753E-04
7.25000E+00,8.50000E+01,-2.00000E+00,0.00000E+00
7.25000E+00,8.50000E+01,0.00000E+00,0.00000E+00
7.25000E+00,8.50000E+01,2.00000E+00,2.12428E-04
7.25000E+00,9.50000E+01,-2.00000E+00,0.00000E+00
7.25000E+00,9.50000E+01,0.00000E+00,0.00000E+00
7.25000E+00,9.50000E+01,2.00000E+00,5.29907E-05
7.25000E+00,1.05000E+02,-2.00000E+00,0.00000E+00
7.25000E+00,1.05000E+02,0.00000E+00,0.00000E+00
7.25000E+00,1.05000E+02,2.00000E+00,3.73030E-05
7.25000E+00,1.15000E+02,-2.00000E+00,0.00000E+00
7.25000E+00,1.15000E+02,0.00000E+00,0.00000E+00
7.25000E+00,1.15000E+02,2.00000E+00,1.63224E-05
7.25000E+00,1.25000E+02,-2.00000E+00,0.00000E+00
7.25000E+00,1.25000E+02,0.00000E+00,0.00000E+00
7.25000E+00,1.25000E+02,2.00000E+00,9.02163E-06
7.25000E+00,1.35000E+02,-2.00000E+00,0.00000E+00
7.25000E+00,1.35000E+02,0.00000E+00,0.00000E+00
7.25000E+00,1.35000E+02,2.00000E+00,6.17802E-06
7.25000E+00,1.45000E+02,-2.00000E+00,0.00000E+00
7.25000E+00,1.45000E+02,0.00000E+00,0.00000E+00
7.25000E+00,1.45000E+02,2.00000E+00,3.65231E-06
7.25000E+00,1.55000E+02,-2.00000E+00,0.00000E+00
7.25000E+00,1.55000E+02,0.00000E+00,0.00000E+00
7.25000E+00,1.55000E+02,2.00000E+00,1.56898E-06
7.25000E+00,1.65000E+02,-2.00000E+00,0.00000E+00
7.25000E+00,1.65000E+02,0.00000E+00,0.00000E+00
7.25000E+00,1.65000E+02,2.00000E+00,3.63148E-07
7.25000E+00,1.75000E+02,-2.00000E+00,0.00000E+00
7.25000E+00,1.75000E+02,0.00000E+00,0.00000E+00
7.25000E+00,1.75000E+02,2.00000E+00,6.52808E-08
7.25000E+00,1.85000E+02,-2.00000E+00,0.00000E+00
7.25000E+00,1.85000E+02,0.00000E+00,0.00000E+00
7.25000E+00,1.85000E+02,2.00000E+00,0.00000E+00
7.25000E+00,1.95000E+02,-2.00000E+00,0.00000E+00
7.25000E+00,1.95000E+02,0.00000E+00,0.00000E+00
7.25000E+00,1.95000E+02,2.00000E+00,0.00000E+00
7.75000E+00,5.00000E+00,-2.00000E+00,2.84766E-05
7.75000E+00,5.00000E+00,0.00000E+00,1.69966E-04
7.75000E+00,5.00000E+00,2.00000E+00,4.08081E-05
7.75000E+00,1.50000E+01,-2.00000E+00,2.01612E-06
7.75000E+00,1.50000E+01,0.00000E+00,2.77216E-04
7.75000E+00,1.50000E+01,2.00000E+00,9.28238E-05
7.75000E+00,2.50000E+01,-2.00000E+00,0.00000E+00
7.75000E+00,2.50000E+01,0.00000E+00,9.87751E-05
7.75000E+00,2.50000E+01,2.00000E+00,7.25499E-05
7.75000E+00,3.50000E+01,-2.00000E+00,0.00000E+00
7.75000E+00,3.50000E+01,0.00000E+00,7.18254E-05
7.75000E+00,3.50000E+01,2.00000E+00,1.08352E-04
7.75000E+00,4.50000E+01,-2.00000E+00,0.00000E+00
7.75000E+00,4.50000E+01,0.00000E+00,3.86403E-05
7.75000E+00,4.50000E+01,2.00000E+00,1.92955E-04
7.75000E+00,5.50000E+01,-2.00000E+00,0.00000E+00
7.75000E+00,5.50000E+01,0.00000E+00,1.38136E-05
7.75000E+00,5.50000E+01,2.00000E+00,3.54140E-04
7.75000E+00,6.50000E+01,-2.00000E+00,0.00000E+00
7.75000E+00,6.50000E+01,0.00000E+00,1.51483E-05
7.75000E+00,6.50000E+01,2.00000E+00,2.78075E-04
7.75000E+00,7.50000E+01,-2.00000E+00,0.00000E+00
7.75000E+00,7.50000E+01,0.00000E+00,0.00000E+00
7.75000E+00,7.50000E+01,2.00000E+00,4.58581E-05
7.75000E+00,8.50000E+01,-2.00000E+00,0.00000E+00
7.75000E+00,8.50000E+01,0.00000E+00,0.00000E+00
7.75000E+00,8.50000E+01,2.00000E+00,1.22574E-05
7.75000E+00,9.50000E+01,-2.00000E+00,0.00000E+00
7.75000E+00,9.50000E+01,0.00000E+00,0.00000E+00
7.75000E+00,9.50000E+01,2.00000E+00,9.69588E-07
7.75000E+00,1.05000E+02,-2.00000E+00,0.00000E+00
7.75000E+00,1.05000E+02,0.00000E+00,0.00000E+00
7.75000E+00,1.05000E+02,2.00000E+00,1.86648E-05
7.75000E+00,1.15000E+02,-2.00000E+00,0.00000E+00
7.75000E+00,1.15000E+02,0.00000E+00,0.00000E+00
7.75000E+00,1.15000E+02,2.00000E+00,9.89422E-06
7.75000E+00,1.25000E+02,-2.00000E+00,0.00000E+00
7.75000E+00,1.25000E+02,0.00000E+00,0.00000E+00
7.75000E+00,1.25000E+02,2.00000E+00,1.18250E-05
7.75000E+00,1.35000E+02,-2.00000E+00,0.00000E+00
7.75000E+00,1.35000E+02,0.00000E+00,0.00000E+00
7.75000E+00,1.35000E+02,2.00000E+00,1.52538E-05
7.75000E+00,1.45000E+02,-2.00000E+00,0.00000E+00
7.75000E+00,1.45000E+02,0.00000E+00,0.00000E+00
7.75000E+00,1.45000E+02,2.00000E+00,1.43106E-05
7.75000E+00,1.55000E+02,-2.00000E+00,0.00000E+00
7.75000E+00,1.55000E+02,0.00000E+00,0.00000E+00
7.75000E+00,1.55000E+02,2.00000E+00,7.73141E-06
7.75000E+00,1.65000E+02,-2.00000E+00,0.00000E+00
7.75000E+00,1.65000E+02,0.00000E+00,0.00000E+00
7.75000E+00,1.65000E+02,2.00000E+00,3.08203E-06
7.75000E+00,1.75000E+02,-2.00000E+00,0.00000E+00
7.75000E+00,1.75000E+02,0.00000E+00,0.00000E+00
7.75000E+00,1.75000E+02,2.00000E+00,1.29271E-06
7.75000E+00,1.85000E+02,-2.00000E+00,0.00000E+00
7.75000E+00,1.85000E+02,0.00000E+00,0.00000E+00
7.75000E+00,1.85000E+02,2.00000E+00,3.93997E-07
7.75000E+00,1.95000E+02,-2.00000E+00,0.00000E+00
7.75000E+00,1.95000E+02,0.00000E+00,0.00000E+00
7.75000E+00,1.95000E+02,2.00000E+00,1.18739E-07
8.25000E+00,5.00000E+00,-2.00000E+00,0.00000E+00
8.25000E+00,5.00000E+00,0.00000E+00,0.00000E+00
8.25000E+00,5.00000E+00,2.00000E+00,0.00000E+00
8.25000E+00,1.50000E+01,-2.00000E+00,0.00000E+00
8.25000E+00,1.50000E+01,0.00000E+00,4.57243E-05
8.25000E+00,1.50000E+01,2.00000E+00,1.48352E-05
8.25000E+00,2.50000E+01,-2.00000E+00,0.00000E+00
8.25000E+00,2.50000E+01,0.00000E+00,3.96549E-06
8.25000E+00,2.50000E+01,2.00000E+00,2.73838E-06
8.25000E+00,3.50000E+01,-2.00000E+00,0.00000E+00
8.25000E+00,3.50000E+01,0.00000E+00,0.00000E+00
8.25000E+00,3.50000E+01,2.00000E+00,9.96844E-06
8.25000E+00,4.50000E+01,-2.00000E+00,0.00000E+00
8.25000E+00,4.50000E+01,0.00000E+00,1.90176E-05
8.25000E+00,4.50000E+01,2.00000E+00,5.99585E-05
8.25000E+00,5.50000E+01,-2.00000E+00,0.00000E+00
8.25000E+00,5.50000E+01,0.00000E+00,4.76166E-05
8.25000E+00,5.50000E+01,2.00000E+00,1.90700E-04
8.25000E+00,6.50000E+01,-2.00000E+00,0.00000E+00
8.25000E+00,6.50000E+01,0.00000E+00,1.42151E-05
8.25000E+00,6.50000E+01,2.00000E+00,1.59472E-04
8.25000E+00,7.50000E+01,-2.00000E+00,0.00000E+00
8.25000E+00,7.50000E+01,0.00000E+00,0.00000E+00
8.25000E+00,7.50000E+01,2.00000E+00,3.19149E-06
8.25000E+00,8.50000E+01,-2.00000E+00,0.00000E+00
8.25000E+00,8.50000E+01,0.00000E+00,0.00000E+00
8.25000E+00,8.50000E+01,2.00000E+00,3.63346E-06
8.25000E+00,9.50000E+01,-2.00000E+00,0.00000E+00
8.25000E+00,9.50000E+01,0.00000E+00,0.00000E+00
8.25000E+00,9.50000E+01,2.00000E+00,3.57272E-07
8.25000E+00,1.05000E+02,-2.00000E+00,0.00000E+00
8.25000E+00,1.05000E+02,0.00000E+00,0.00000E+00
8.25000E+00,1.05000E+02,2.00000E+00,5.90244E-07
8.25000E+00,1.15000E+02,-2.00000E+00,0.00000E+00
8.25000E+00,1.15000E+02,0.00000E+00,0.00000E+00
8.25000E+00,1.15000E+02,2.00000E+00,2.39998E-07
8.25000E+00,1.25000E+02,-2.00000E+00,0.00000E+00
8.25000E+00,1.25000E+02,0.00000E+00,0.00000E+00
8.25000E+00,1.25000E+02,2.00000E+00,3.83263E-06
8.25000E+00,1.35000E+02,-2.00000E+00,0.00000E+00
8.25000E+00,1.35000E+02,0.00000E+00,0.00000E+00
8.25000E+00,1.35000E+02,2.00000E+00,1.58926E-05
8.25000E+00,1.45000E+02,-2.00000E+00,0.00000E+00
8.25000E+00,1.45000E+02,0.00000E+00,9.29428E-07
8.25000E+00,1.45000E+02,2.00000E+00,2.24253E-05
8.25000E+00,1.55000E+02,-2.00000E+00,0.00000E+00
8.25000E+00,1.55000E+02,0.00000E+00,0.00000E+00
8.25000E+00,1.55000E+02,2.00000E+00,3.39030E-06
8.25000E+00,1.65000E+02,-2.00000E+00,0.00000E+00
8.25000E+00,1.65000E+02,0.00000E+00,0.00000E+00
8.25000E+00,1.65000E+02,2.00000E+00,1.97231E-07
8.25000E+00,1.75000E+02,-2.00000E+00,0.00000E+00
8.25000E+00,1.75000E+02,0.00000E+00,0.00000E+00
8.25000E+00,1.75000E+02,2.00000E+00,2.14874E-07
8.25000E+00,1.85000E+02,-2.00000E+00,0.00000E+00
8.25000E+00,1.85000E+02,0.00000E+00,0.00000E+00
8.25000E+00,1.85000E+02,2.00000E+00,1.42843E-08
8.25000E+00,1.95000E+02,-2.00000E+00,0.00000E+00
8.25000E+00,1.95000E+02,0.00000E+00,0.00000E+00
8.25000E+00,1.95000E+02,2.00000E+00,0.00000E+00
8.75000E+00,5.00000E+00,-2.00000E+00,0.00000E+00
8.75000E+00,5.00000E+00,0.00000E+00,0.00000E+00
8.75000E+00,5.00000E+00,2.00000E+00,0.00000E+00
8.75000E+00,1.50000E+01,-2.00000E+00,0.00000E+00
8.75000E+00,1.50000E+01,0.00000E+00,0.00000E+00
8.75000E+00,1.50000E+01,2.00000E+00,0.00000E+00
8.75000E+00,2.50000E+01,-2.00000E+00,0.00000E+00
8.75000E+00,2.50000E+01,0.00000E+00,0.00000E+00
8.75000E+00,2.50000E+01,2.00000E+00,0.00000E+00
8.75000E+00,3.50000E+01,-2.00000E+00,0.00000E+00
8.75000E+00,3.50000E+01,0.00000E+00,0.00000E+00
8.75000E+00,3.50000E+01,2.00000E+00,0.00000E+00
8.75000E+00,4.50000E+01,-2.00000E+00,0.00000E+00
8.75000E+00,4.50000E+01,0.00000E+00,0.00000E+00
8.75000E+00,4.50000E+01,2.00000E+00,0.00000E+00
8.75000E+00,5.50000E+01,-2.00000E+00,0.00000E+00
8.75000E+00,5.50000E+01,0.00000E+00,0.00000E+00
8.75000E+00,5.50000E+01,2.00000E+00,0.00000E+00
8.75000E+00,6.50000E+01,-2.00000E+00,0.00000E+00
8.75000E+00,6.50000E+01,0.00000E+00,2.34290E-06
8.75000E+00,6.50000E+01,2.00000E+00,9.08338E-06
8.75000E+00,7.50000E+01,-2.00000E+00,0.00000E+00
8.75000E+00,7.50000E+01,0.00000E+00,0.00000E+00
8.75000E+00,7.50000E+01,2.00000E+00,0.00000E+00
8.75000E+00,8.50000E+01,-2.00000E+00,0.00000E+00
8.75000E+00,8.50000E+01,0.00000E+00,0.00000E+00
8.75000E+00,8.50000E+01,2.00000E+00,0.00000E+00
8.75000E+00,9.50000E+01,-2.00000E+00,0.00000E+00
8.75000E+00,9.50000E+01,0.00000E+00,0.00000E+00
8.75000E+00,9.50000E+01,2.00000E+00,0.00000E+00
8.75000E+00,1.05000E+02,-2.00000E+00,0.00000E+00
8.75000E+00,1.05000E+02,0.00000E+00,0.00000E+00
8.75000E+00,1.05000E+02,2.00000E+00,0.00000E+00
8.75000E+00,1.15000E+02,-2.00000E+00,0.00000E+00
8.75000E+00,1.15000E+02,0.00000E+00,0.00000E+00
8.75000E+00,1.15000E+02,2.00000E+00,0.00000E+00
8.75000E+00,1.25000E+02,-2.00000E+00,0.00000E+00
8.75000E+00,1.25000E+02,0.00000E+00,0.00000E+00
8.75000E+00,1.25000E+02,2.00000E+00,0.00000E+00
8.75000E+00,1.35000E+02,-2.00000E+00,0.00000E+00
8.75000E+00,1.35000E+02,0.00000E+00,0.00000E+00
8.75000E+00,1.35000E+02,2.00000E+00,0.00000E+00
8.75000E+00,1.45000E+02,-2.00000E+00,0.00000E+00
8.75000E+00,1.45000E+02,0.00000E+00,0.00000E+00
8.75000E+00,1.45000E+02,2.00000E+00,0.00000E+00
8.75000E+00,1.55000E+02,-2.00000E+00,0.00000E+00
8.75000E+00,1.55000E+02,0.00000E+00,0.00000E+00
8.75000E+00,1.55000E+02,2.00000E+00,0.00000E+00
8.75000E+00,1.65000E+02,-2.00000E+00,0.00000E+00
8.75000E+00,1.65000E+02,0.00000E+00,0.00000E+00
8.75000E+00,1.65000E+02,2.00000E+00,0.00000E+00
8.75000E+00,1.75000E+02,-2.00000E+00,0.00000E+00
8.75000E+00,1.75000E+02,0.00000E+00,0.00000E+00
8.75000E+00,1.75000E+02,2.00000E+00,0.00000E+00
8.75000E+00,1.85000E+02,-2.00000E+00,0.00000E+00
8.75000E+00,1.85000E+02,0.00000E+00,0.00000E+00
8.75000E+00,1.85000E+02,2.00000E+00,0.00000E+00
8.75000E+00,1.95000E+02,-2.00000E+00,0.00000E+00
8.75000E+00,1.95000E+02,0.00000E+00,0.00000E+00
8.75000E+00,1.95000E+02,2.00000E+00,0.00000E+00
